NBR_L7,NBR_L8,diff
0.6166129,0.6830904,-0.06647748
0.6298978,0.6914254,-0.06152761
0.5437162,0.61548305,-0.07176685
0.56796306,0.6426983,-0.074735224
0.5999991,0.6960442,-0.09604508
0.6490719,0.7011378,-0.05206591
0.6209425,0.66867715,-0.047734678
0.6203822,0.725589,-0.10520679
0.60903317,0.688834,-0.079800844
0.6106536,0.68990415,-0.079250574
0.53707904,0.5970747,-0.05999565
0.51088035,0.58644515,-0.0755648
0.54960555,0.6271877,-0.07758218
0.5916007,0.62717134,-0.03557062
0.4997044,0.582622,-0.0829176
0.54149896,0.60402507,-0.06252611
0.5429081,0.62926465,-0.08635658
0.547663,0.5758377,-0.028174698
0.56913364,0.63791436,-0.06878072
0.64924395,0.71423435,-0.0649904
0.48238668,0.5484624,-0.06607571
0.6264138,0.7167226,-0.090308785
0.6027705,0.63518625,-0.032415748
0.6467632,0.7176318,-0.07086861
0.5802184,0.6465667,-0.066348314
0.5734545,0.6052202,-0.0317657
0.59702045,0.63829243,-0.041271985
0.43806878,0.52110213,-0.08303335
0.62157375,0.6981491,-0.07657534
0.53503335,0.6023976,-0.067364275
0.57496625,0.6158359,-0.040869653
0.5196506,0.58632904,-0.066678464
0.56692284,0.6277956,-0.060872734
0.55582595,0.5987052,-0.042879224
0.6045264,0.65046936,-0.045942962
0.5766869,0.64277303,-0.06608611
0.59390867,0.66755825,-0.073649585
0.5583445,0.6153227,-0.056978226
0.5758389,0.65460104,-0.078762114
0.498823,0.5528981,-0.054075122
0.57420707,0.61613935,-0.041932285
0.5458736,0.63511187,-0.089238286
0.552661,0.60775286,-0.055091858
0.52365065,0.59106463,-0.067413986
0.590226,0.65124243,-0.06101644
0.55993205,0.6387734,-0.07884133
0.6258015,0.6844068,-0.058605313
0.591331,0.6657036,-0.07437259
0.544142,0.60355324,-0.059411228
0.56864214,0.6318863,-0.063244164
0.55603033,0.6409164,-0.084886074
0.60570073,0.6749716,-0.06927085
0.61010164,0.74404836,-0.13394672
0.5673765,0.6233561,-0.05597961
0.63908654,0.6894166,-0.050330043
0.5015753,0.49989757,0.0016777217
0.61297226,0.6842961,-0.07132381
0.5275879,0.6024372,-0.07484931
0.5667423,0.63214314,-0.06540084
0.5944764,0.67833143,-0.08385503
0.5905052,0.6673664,-0.0768612
0.58929664,0.6709679,-0.08167124
0.53697073,0.61772484,-0.0807541
0.53595054,0.5963578,-0.06040728
0.5872191,0.6620995,-0.07488036
0.57187,0.63240033,-0.060530305
0.4601766,0.5378763,-0.07769972
0.5476971,0.59881794,-0.051120818
0.5982564,0.64353186,-0.04527545
0.55144733,0.6118526,-0.060405254
0.5101055,0.56803215,-0.057926655
0.5697125,0.62518305,-0.055470526
0.6129901,0.67287993,-0.059889853
0.61559695,0.7153733,-0.09977633
0.51872337,0.6153876,-0.09666425
0.6110175,0.6810373,-0.07001978
0.5245216,0.6049581,-0.08043653
0.5601755,0.6242459,-0.0640704
0.60044265,0.67825484,-0.077812195
0.5913448,0.6873565,-0.0960117
0.6008611,0.6759081,-0.075047016
0.49920404,0.5620915,-0.06288749
0.60083705,0.6516097,-0.050772667
0.56435364,0.6189007,-0.05454707
0.5670124,0.61649567,-0.04948324
0.58557105,0.6489584,-0.063387334
0.50989044,0.60614043,-0.09625
0.5493549,0.66207665,-0.11272174
0.5797185,0.6536978,-0.07397932
0.594584,0.64177895,-0.047194958
0.606893,0.66101336,-0.05412036
0.52124655,0.6365476,-0.11530107
0.5651841,0.6335069,-0.06832278
0.5399493,0.61155427,-0.07160497
0.55278236,0.61106646,-0.058284104
0.59991664,0.6657233,-0.06580669
0.56641394,0.61798036,-0.051566422
0.5726689,0.65600336,-0.083334446
0.50601304,0.61104035,-0.10502732
0.5011358,0.5959634,-0.09482759
0.40867257,0.44205043,-0.033377856
0.5695997,0.6448256,-0.07522589
0.6415949,0.7104066,-0.068811715
0.51429117,0.62708974,-0.11279857
0.5907807,0.69302684,-0.102246165
0.5789276,0.6497815,-0.07085395
0.5874213,0.64721566,-0.059794366
0.5963149,0.68611306,-0.08979815
0.59865993,0.7526241,-0.15396416
0.5949047,0.6573294,-0.06242466
0.5559861,0.63119906,-0.075212955
0.5670931,0.62272185,-0.055628777
0.6197885,0.7135727,-0.09378415
0.55293185,0.58956957,-0.036637723
0.6071668,0.6888612,-0.081694365
0.61100495,0.6784456,-0.06744063
0.59257257,0.6518142,-0.059241652
0.6170186,0.66608804,-0.049069464
0.61325395,0.6941955,-0.08094156
0.59441197,0.6629251,-0.068513155
0.60587466,0.7353245,-0.12944984
0.6144893,0.7312716,-0.11678231
0.6014636,0.65370715,-0.05224353
0.562341,0.6336397,-0.07129872
0.57285625,0.65865695,-0.08580071
0.5741435,0.6381325,-0.06398898
0.5611006,0.639113,-0.07801241
0.6085408,0.7052472,-0.09670645
0.57184106,0.6391128,-0.06727171
0.58817726,0.6594645,-0.071287215
0.5625069,0.6049378,-0.042430878
0.54169124,0.6278277,-0.08613646
0.57268393,0.61866903,-0.045985103
0.56804836,0.598988,-0.030939639
0.53140175,0.6153081,-0.08390635
0.5651818,0.61882335,-0.053641558
0.6026619,0.643584,-0.040922105
0.57429665,0.6439411,-0.06964445
0.5905116,0.67296505,-0.08245343
0.5587089,0.59736365,-0.038654745
0.6046749,0.69175327,-0.08707839
0.56412005,0.62953395,-0.06541389
0.55923665,0.65949005,-0.1002534
0.6103808,0.6933207,-0.08293986
0.6511344,0.7173288,-0.066194415
0.5844392,0.6430522,-0.058613002
0.59669924,0.6460377,-0.04933846
0.57489103,0.65527487,-0.08038384
0.5499322,0.61220646,-0.062274277
0.6063169,0.6916763,-0.085359395
0.60228544,0.66653186,-0.064246416
0.5561419,0.6333587,-0.077216804
0.5035974,0.59836084,-0.09476346
0.5717137,0.6131116,-0.04139793
0.55943274,0.60743654,-0.048003793
0.53140616,0.6016379,-0.070231736
0.5834366,0.6477744,-0.06433779
0.6037224,0.6668343,-0.0631119
0.5484552,0.60907656,-0.06062138
0.6207952,0.70390147,-0.08310628
0.5527944,0.6272255,-0.07443112
0.57183206,0.62137127,-0.04953921
0.5816811,0.64880747,-0.06712639
0.61004,0.68448806,-0.07444805
0.5759549,0.66805613,-0.09210122
0.6112929,0.67162234,-0.060329437
0.5884503,0.64931536,-0.060865045
0.5839833,0.63750786,-0.053524554
0.5374694,0.6078889,-0.07041949
0.63558614,0.70530415,-0.069718
0.61389,0.67431885,-0.060428858
0.5353057,0.5520153,-0.016709626
0.57602406,0.6619912,-0.08596712
0.58045864,0.64939696,-0.068938315
0.56350195,0.6382577,-0.07475573
0.50889194,0.5570585,-0.048166573
0.56343675,0.6631155,-0.099678755
0.47725374,0.53045183,-0.0531981
0.5355238,0.59304947,-0.057525694
0.5718595,0.642906,-0.07104653
0.5125669,0.6037814,-0.09121448
0.5239923,0.57624954,-0.05225724
0.56579065,0.6429191,-0.07712847
0.60458636,0.67367244,-0.069086075
0.5578514,0.6432477,-0.08539635
0.56411994,0.65426457,-0.090144634
0.5673624,0.64553577,-0.07817334
0.59574544,0.67832774,-0.082582295
0.51101273,0.5702935,-0.059280753
0.56511974,0.61921924,-0.0540995
0.5468436,0.6386106,-0.09176701
0.47846618,0.5487807,-0.0703145
0.60188586,0.64915293,-0.04726708
0.60330087,0.6593946,-0.056093752
0.56214154,0.60746926,-0.045327723
0.56874657,0.5964204,-0.02767384
0.48229587,0.5343996,-0.052103758
0.53625864,0.56496817,-0.02870953
0.52113175,0.6135834,-0.09245163
0.5517994,0.6214632,-0.06966376
0.49908364,0.58849305,-0.08940941
0.61596036,0.6664569,-0.05049652
0.59261906,0.6421215,-0.049502432
0.5645446,0.6383826,-0.073837996
0.5851776,0.6768193,-0.091641724
0.6441769,0.70278573,-0.05860883
0.5445036,0.6110652,-0.06656158
0.52434504,0.6009228,-0.07657778
0.5787974,0.6435407,-0.06474328
0.5773056,0.6647295,-0.08742386
0.56524503,0.63004446,-0.06479943
0.5684194,0.63394415,-0.06552476
0.52878076,0.6126081,-0.08382732
0.6105646,0.67061406,-0.060049474
0.516227,0.5568378,-0.04061079
0.60109556,0.64392745,-0.042831898
0.64476866,0.7154827,-0.07071406
0.61827993,0.68414867,-0.065868735
0.56977075,0.6267115,-0.056940734
0.5642473,0.6260542,-0.061806917
0.6041714,0.6443649,-0.040193498
0.53291315,0.6000975,-0.06718433
0.57602906,0.62378234,-0.047753274
0.5922002,0.6472593,-0.055059075
0.57807136,0.618289,-0.040217638
0.574982,0.62988305,-0.054901063
0.5605232,0.7331914,-0.17266816
0.51427186,0.5619223,-0.047650456
0.5242803,0.59483236,-0.07055205
0.57677895,0.6508268,-0.07404786
0.64557445,0.7175689,-0.071994424
0.5091595,0.566709,-0.057549477
0.5814446,0.73537946,-0.15393484
0.55294025,0.6864728,-0.13353252
0.603753,0.6687858,-0.06503284
0.5514869,0.61512804,-0.06364113
0.6384287,0.7054675,-0.067038834
0.5389527,0.6144236,-0.075470865
0.5939141,0.679863,-0.085948884
0.56956553,0.671691,-0.102125466
0.5314325,0.5880235,-0.056590974
0.54461366,0.5813619,-0.03674823
0.5914241,0.670349,-0.078924894
0.4789945,0.4901623,-0.011167824
0.5392039,0.59844315,-0.05923927
0.5645145,0.63496935,-0.070454836
0.56061244,0.6425048,-0.08189237
0.6132393,0.6625161,-0.04927683
0.5713516,0.64346063,-0.07210904
0.533981,0.60785455,-0.07387352
0.5881883,0.65741235,-0.06922406
0.5651178,0.6275686,-0.062450826
0.57715136,0.6391491,-0.06199777
0.5562057,0.6305147,-0.07430899
0.4441861,0.43189657,0.012289524
0.5165877,0.61378914,-0.09720147
0.5872138,0.64180505,-0.05459124
0.5169507,0.5828914,-0.06594068
0.5327263,0.57353777,-0.04081148
0.5852193,0.67726505,-0.092045724
0.5602523,0.6422466,-0.081994295
0.60204434,0.6919773,-0.08993298
0.5486353,0.6210571,-0.07242179
0.5701533,0.6249212,-0.054767907
0.58723307,0.6459574,-0.058724344
0.5647155,0.6347966,-0.070081115
0.5535252,0.6150826,-0.061557412
0.60223997,0.70384896,-0.10160899
0.5490027,0.6231558,-0.074153066
0.5046698,0.5902852,-0.0856154
0.5487859,0.5948772,-0.04609126
0.5325612,0.5684971,-0.03593594
0.6403512,0.70186245,-0.06151128
0.61577785,0.6739003,-0.058122456
0.5789893,0.67007107,-0.09108174
0.5421582,0.64042926,-0.09827107
0.5514042,0.61894447,-0.06754029
0.5078122,0.5777568,-0.06994462
0.5886529,0.6465499,-0.05789697
0.5617015,0.61454904,-0.052847564
0.57305074,0.6369901,-0.06393933
0.526917,0.605928,-0.07901102
0.5652775,0.63053435,-0.065256834
0.5378232,0.6273952,-0.08957201
0.58403283,0.6282034,-0.04417056
0.5848477,0.6420454,-0.05719769
0.5344218,0.5829587,-0.048536897
0.6344611,0.688432,-0.053970873
0.48807526,0.5918991,-0.10382384
0.5937018,0.66542774,-0.071725965
0.5844629,0.6455986,-0.06113571
0.5598679,0.6208036,-0.060935676
0.6178678,0.67062527,-0.052757442
0.529434,0.6005752,-0.07114118
0.5612273,0.61923,-0.05800265
0.4346076,0.48513392,-0.05052632
0.5730918,0.6155362,-0.042444408
0.58336353,0.6340212,-0.05065769
0.58612126,0.6595684,-0.07344717
0.54456854,0.60867536,-0.06410682
0.62583935,0.6737168,-0.04787743
0.5267315,0.6413519,-0.11462039
0.5412463,0.59850156,-0.057255268
0.625181,0.68527645,-0.06009543
0.5996108,0.6825687,-0.08295792
0.5461758,0.62781715,-0.081641376
0.5367861,0.61092573,-0.074139655
0.52608615,0.59780633,-0.07172018
0.5974097,0.63771826,-0.040308535
0.61122465,0.66634953,-0.05512488
0.50615484,0.5837235,-0.07756865
0.52952987,0.5720272,-0.042497337
0.58455324,0.63822234,-0.053669095
0.45949593,0.549413,-0.08991709
0.52157134,0.60470587,-0.08313453
0.56481224,0.61976683,-0.05495459
0.5603483,0.60197127,-0.041622996
0.596969,0.67584634,-0.07887733
0.5620174,0.6279676,-0.065950215
0.5595482,0.61876774,-0.05921954
0.56991565,0.63944006,-0.06952441
0.63169974,0.6902498,-0.05855006
0.5949801,0.6668211,-0.071841
0.5560871,0.60089207,-0.04480499
0.59721273,0.6862048,-0.08899206
0.5831295,0.63964874,-0.05651921
0.6083945,0.6745429,-0.0661484
0.60512394,0.67339504,-0.0682711
0.49952412,0.5960466,-0.09652251
0.56896645,0.61013705,-0.041170597
0.60662985,0.6874415,-0.08081168
0.5492002,0.5959624,-0.046762228
0.63628256,0.7034724,-0.06718981
0.5829728,0.6404951,-0.057522297
0.6104447,0.66779226,-0.057347536
0.56045896,0.6161364,-0.055677414
0.5649243,0.61004335,-0.045119047
0.6004335,0.6531445,-0.05271095
0.5324519,0.6341496,-0.10169768
0.5728818,0.6022202,-0.02933836
0.602413,0.67122984,-0.06881684
0.57570714,0.62444717,-0.04874003
0.62822956,0.715497,-0.08726746
0.6086319,0.6721265,-0.06349456
0.509274,0.59470457,-0.08543056
0.6023167,0.67614955,-0.07383287
0.5897435,0.62653035,-0.036786854
0.5751494,0.6189602,-0.043810785
0.5480172,0.5999016,-0.051884413
0.5287381,0.5968531,-0.068114996
0.59094316,0.6446909,-0.053747714
0.5421753,0.62180686,-0.07963157
0.529047,0.5886582,-0.0596112
0.5809031,0.6470423,-0.06613916
0.51605517,0.59153926,-0.0754841
0.5923633,0.63565296,-0.04328966
0.569621,0.6588404,-0.08921939
0.54704386,0.6195004,-0.07245654
0.5644449,0.6306496,-0.06620473
0.5770758,0.6200924,-0.043016613
0.5532021,0.6105095,-0.057307422
0.43213594,0.5259523,-0.09381634
0.59941953,0.6587143,-0.05929476
0.5605849,0.64680797,-0.086223066
0.6114723,0.698322,-0.08684969
0.6218576,0.71273994,-0.09088236
0.5552218,0.59315324,-0.037931442
0.60581905,0.6663058,-0.060486734
0.5658372,0.60280466,-0.036967456
0.63301224,0.69697237,-0.063960135
0.4693147,0.5297604,-0.060445726
0.6236975,0.6987533,-0.07505578
0.5589014,0.61434823,-0.055446804
0.5436449,0.6195784,-0.075933516
0.5754729,0.6234549,-0.047982037
0.6007569,0.65819776,-0.057440877
0.5950223,0.64525723,-0.050234914
0.61041385,0.67403454,-0.06362069
0.5513321,0.63304245,-0.08171034
0.61131275,0.6876694,-0.07635665
0.5636446,0.6259291,-0.06228453
0.6281936,0.7130959,-0.08490229
0.5383157,0.5999563,-0.06164056
0.5784035,0.6690564,-0.09065294
0.6137975,0.67788625,-0.06408876
0.537405,0.60912645,-0.071721435
0.5726076,0.6730688,-0.100461245
0.5526293,0.6276515,-0.07502222
0.5019628,0.5839835,-0.0820207
0.56887865,0.6425334,-0.07365477
0.58485395,0.625148,-0.04029405
0.5180916,0.60211974,-0.084028125
0.56630117,0.6224824,-0.056181252
0.6223884,0.6964884,-0.07409996
0.57511723,0.618212,-0.043094754
0.58685404,0.6379454,-0.051091373
0.546644,0.6069069,-0.06026292
0.5480296,0.62124676,-0.07321715
0.52882177,0.58458084,-0.055759072
0.6631351,0.7147766,-0.051641464
0.5867047,0.6526589,-0.06595421
0.56928235,0.6259411,-0.056658745
0.56877196,0.66248316,-0.0937112
0.5533425,0.6162579,-0.062915385
0.56425184,0.63386905,-0.06961721
0.6297394,0.7000995,-0.070360124
0.5367584,0.58545285,-0.04869443
0.62603253,0.69035286,-0.064320326
0.63547754,0.7132788,-0.07780123
0.6014481,0.6745061,-0.07305801
0.53955543,0.5953847,-0.055829287
0.51514584,0.58675325,-0.07160741
0.5928225,0.6706614,-0.0778389
0.63349146,0.73330927,-0.09981781
0.5940625,0.66025853,-0.066196024
0.56898326,0.66159207,-0.09260881
0.43540713,0.48701712,-0.051609993
0.5954713,0.70902365,-0.11355233
0.5676858,0.61715573,-0.049469948
0.6102477,0.6672524,-0.05700475
0.63239026,0.7215125,-0.089122236
0.5836993,0.66534,-0.08164072
0.60045415,0.63066417,-0.030210018
0.52907073,0.5836676,-0.05459684
0.5613041,0.6331508,-0.07184672
0.60260963,0.666064,-0.06345439
0.55375075,0.55671084,-0.0029600859
0.5879997,0.6729393,-0.0849396
0.521412,0.58778864,-0.06637663
0.5957562,0.6994692,-0.103713036
0.6248696,0.70453143,-0.079661846
0.60376996,0.65996665,-0.05619669
0.53100115,0.6160943,-0.08509314
0.6182504,0.68193936,-0.063688934
0.5506165,0.6723691,-0.12175262
0.5148127,0.5455877,-0.03077501
0.5894298,0.6456543,-0.056224525
0.6039917,0.68601924,-0.082027555
0.42124626,0.46288046,-0.041634202
0.55980915,0.6360519,-0.076242745
0.6330902,0.69227237,-0.059182167
0.5613131,0.6154636,-0.05415052
0.58306473,0.64551437,-0.062449634
0.5273814,0.58448595,-0.057104528
0.566958,0.62975585,-0.062797844
0.48537567,0.5118772,-0.026501507
0.55367875,0.6266724,-0.072993636
0.61585623,0.6707092,-0.054852962
0.5378676,0.6091552,-0.07128757
0.5608715,0.60389125,-0.04301977
0.5521478,0.6408093,-0.08866149
0.64865744,0.71301585,-0.06435841
0.6213138,0.68535906,-0.06404525
0.54151094,0.5934103,-0.051899374
0.5013886,0.5672583,-0.06586969
0.55282265,0.6322063,-0.07938367
0.5543261,0.61848426,-0.06415814
0.54408145,0.61151725,-0.0674358
0.5811915,0.6358077,-0.054616213
0.58219934,0.6358327,-0.05363339
0.5142775,0.6129839,-0.098706365
0.5724631,0.63850266,-0.06603956
0.5469377,0.6106931,-0.06375539
0.54093325,0.6125499,-0.07161665
0.56376326,0.63434327,-0.070580006
0.5968871,0.653184,-0.056296885
0.60557765,0.66246694,-0.056889296
0.52290875,0.57547283,-0.052564085
0.57552177,0.6476097,-0.07208794
0.5654686,0.6185864,-0.05311781
0.5725068,0.62966037,-0.057153583
0.55861187,0.6145074,-0.055895507
0.59416944,0.6594947,-0.06532526
0.54056674,0.6116767,-0.07110995
0.5296564,0.60038906,-0.07073265
0.6079743,0.6927066,-0.084732294
0.581834,0.66163415,-0.07980013
0.5508431,0.61052805,-0.059684932
0.58570623,0.64228874,-0.05658251
0.5694774,0.62997866,-0.060501277
0.5692907,0.6379808,-0.06869012
0.48275927,0.5529421,-0.07018283
0.53153485,0.5888618,-0.057326972
0.60488564,0.6731257,-0.06824005
0.6022376,0.72130466,-0.11906707
0.584185,0.655527,-0.07134199
0.5810367,0.67856646,-0.09752977
0.57293206,0.66582215,-0.092890084
0.56135404,0.66243005,-0.10107601
0.5793736,0.6315684,-0.052194774
0.5587639,0.6301918,-0.07142788
0.5590447,0.6274558,-0.06841105
0.5394978,0.60602146,-0.06652367
0.4896007,0.6163049,-0.12670419
0.55361277,0.62025493,-0.066642165
0.598237,0.65394455,-0.055707574
0.6219668,0.6787927,-0.056825936
0.53109413,0.59193724,-0.06084311
0.5078351,0.6061192,-0.098284125
0.5414053,0.6249689,-0.083563566
0.59200686,0.6772562,-0.085249364
0.61454636,0.68835074,-0.07380438
0.5800714,0.65345794,-0.07338655
0.51301134,0.5801747,-0.06716335
0.6064376,0.66048664,-0.054049015
0.55905503,0.59700054,-0.03794551
0.48184192,0.51992893,-0.03808701
0.64457697,0.69670993,-0.052132964
0.63512194,0.7058969,-0.07077497
0.57979214,0.63381857,-0.054026425
0.5167963,0.5843432,-0.067546904
0.53658986,0.6078866,-0.07129675
0.5691918,0.63448113,-0.06528932
0.5852415,0.6835844,-0.098342896
0.55935746,0.6227482,-0.06339073
0.54677975,0.6160843,-0.069304526
0.633384,0.70331895,-0.069934964
0.60811853,0.68408614,-0.07596761
0.54948485,0.61481106,-0.065326214
0.5853143,0.65463823,-0.06932396
0.5746475,0.62296885,-0.048321366
0.62002635,0.6871396,-0.06711322
0.56318784,0.64393884,-0.080751
0.5205632,0.5745219,-0.053958714
0.5864414,0.64325935,-0.05681795
0.5639867,0.6451613,-0.08117455
0.58458275,0.62897223,-0.044389486
0.5725374,0.6440412,-0.07150376
0.6427848,0.7074499,-0.06466514
0.560835,0.6461449,-0.08530992
0.5754339,0.6611948,-0.08576089
0.5112886,0.59732753,-0.08603895
0.5368612,0.5967495,-0.059888303
0.5904716,0.6641713,-0.07369965
0.5639826,0.6275457,-0.06356311
0.4605525,0.50139403,-0.04084152
0.59610546,0.70130837,-0.10520291
0.5838409,0.66204375,-0.07820284
0.5620636,0.63709146,-0.07502788
0.556348,0.6221316,-0.06578356
0.5607444,0.61345285,-0.052708447
0.5913814,0.6313922,-0.04001081
0.5812514,0.63547456,-0.05422318
0.6083847,0.67090887,-0.06252414
0.5475334,0.6011762,-0.05364281
0.5183033,0.60764235,-0.08933908
0.5849224,0.6577162,-0.07279384
0.52566195,0.61890256,-0.09324062
0.58974755,0.6469524,-0.057204843
0.483525,0.5434074,-0.059882373
0.5789411,0.63934475,-0.060403645
0.5842383,0.6471704,-0.06293213
0.6063344,0.68762267,-0.08128828
0.5545969,0.6419356,-0.087338686
0.61023563,0.6828856,-0.072649956
0.5073897,0.59559757,-0.08820784
0.56981766,0.6179718,-0.048154116
0.5584008,0.62719136,-0.068790555
0.5370847,0.60217655,-0.06509185
0.55187577,0.6446931,-0.09281731
0.6082511,0.66590315,-0.057652056
0.59106094,0.6569429,-0.06588197
0.56893224,0.61574036,-0.046808124
0.5870364,0.6549583,-0.06792194
0.55944175,0.6274614,-0.06801963
0.5712746,0.63032264,-0.059048057
0.49466094,0.55295986,-0.058298916
0.614467,0.68460774,-0.07014072
0.59250474,0.65398794,-0.061483204
0.45123094,0.529776,-0.078545034
0.5487131,0.6200389,-0.07132584
0.52360064,0.59287906,-0.06927842
0.5371401,0.58174306,-0.04460299
0.5620755,0.6428916,-0.08081609
0.5672688,0.6029252,-0.035656393
0.6009498,0.66130805,-0.060358226
0.56836265,0.657331,-0.08896834
0.59244335,0.66274303,-0.070299685
0.5958246,0.66751844,-0.07169384
0.5990102,0.66298264,-0.06397241
0.57442296,0.63215077,-0.057727814
0.5912358,0.65469617,-0.06346035
0.55707717,0.6305144,-0.073437214
0.5331471,0.6351259,-0.10197878
0.6463184,0.7176424,-0.07132405
0.5290984,0.606516,-0.07741761
0.5966827,0.65013206,-0.053449333
0.516933,0.6047297,-0.08779669
0.5599203,0.6170354,-0.057115078
0.5546747,0.6269609,-0.07228619
0.59498143,0.69788057,-0.102899134
0.4401141,0.48588637,-0.045772254
0.55608416,0.6145158,-0.058431625
0.5930269,0.6500771,-0.057050228
0.6122623,0.665628,-0.053365707
0.5535526,0.611613,-0.058060348
0.621311,0.69832563,-0.077014625
0.5283529,0.60293597,-0.07458305
0.51893914,0.57728314,-0.058344007
0.5497777,0.618308,-0.06853032
0.53217036,0.5985557,-0.06638533
0.5326329,0.5958246,-0.06319171
0.6176632,0.68064225,-0.06297904
0.56630284,0.6719955,-0.105692685
0.60190463,0.6900325,-0.08812785
0.63386756,0.70009696,-0.0662294
0.54309136,0.5904031,-0.047311723
0.5039298,0.5699069,-0.0659771
0.50235033,0.52880216,-0.026451826
0.5745327,0.6234604,-0.048927724
0.50268847,0.55276924,-0.050080776
0.5675576,0.5823328,-0.014775217
0.6365425,0.70662165,-0.07007915
0.5688365,0.64694905,-0.07811254
0.5029437,0.5770379,-0.07409418
0.5833124,0.65285677,-0.069544375
0.6491322,0.71561164,-0.066479445
0.52636534,0.6044707,-0.07810533
0.6147917,0.66423666,-0.049444973
0.58464843,0.66337997,-0.07873154
0.572268,0.63910997,-0.06684196
0.5844528,0.6309485,-0.046495676
0.49481845,0.56388366,-0.06906521
0.5579448,0.6228465,-0.06490171
0.6409335,0.6985272,-0.057593703
0.5961702,0.65021837,-0.05404818
0.5860162,0.6583935,-0.072377324
0.58452576,0.6406839,-0.056158125
0.52749497,0.6301086,-0.10261363
0.5401924,0.61017734,-0.06998491
0.5622237,0.65568495,-0.093461275
0.65177,0.71190745,-0.06013745
0.5100773,0.5640971,-0.05401981
0.57624876,0.6114348,-0.035186052
0.58879286,0.65366304,-0.06487018
0.5027213,0.56816983,-0.06544852
0.5011631,0.5776905,-0.07652736
0.52831864,0.58806634,-0.059747696
0.5160219,0.61062086,-0.09459895
0.58115816,0.7124705,-0.13131231
0.5257723,0.5819543,-0.056182027
0.54218894,0.590427,-0.04823804
0.60564035,0.65506697,-0.049426615
0.56624246,0.63469094,-0.068448484
0.61489034,0.6727089,-0.05781859
0.57335275,0.6195532,-0.046200454
0.6104854,0.6545584,-0.044073045
0.5533945,0.6325805,-0.07918602
0.57930577,0.6504603,-0.071154535
0.55753094,0.6044099,-0.046878934
0.45368284,0.47954196,-0.025859118
0.6168478,0.68148744,-0.06463963
0.50446635,0.580911,-0.076444626
0.53179157,0.6217698,-0.08997822
0.54730153,0.59265214,-0.04535061
0.5812038,0.6347511,-0.053547263
0.54962724,0.61401063,-0.06438339
0.616327,0.70364773,-0.087320745
0.5735083,0.6428829,-0.06937456
0.63311166,0.70518196,-0.0720703
0.5689282,0.63086987,-0.061941683
0.58466494,0.63602763,-0.051362693
0.5586485,0.6245233,-0.065874755
0.5958396,0.6761188,-0.08027917
0.5073397,0.5681112,-0.060771465
0.5229128,0.5723804,-0.049467623
0.55297977,0.6213904,-0.068410635
0.5513872,0.62291443,-0.07152724
0.6180467,0.68103147,-0.062984765
0.60292363,0.6549163,-0.051992655
0.6458011,0.6974358,-0.05163467
0.6145199,0.6768306,-0.062310696
0.59442455,0.6937189,-0.099294364
0.55818653,0.5564568,0.0017297268
0.5861743,0.65468466,-0.06851035
0.50521433,0.5607438,-0.055529475
0.5824812,0.65510726,-0.072626054
0.56649286,0.60913956,-0.042646706
0.59837306,0.6660455,-0.06767243
0.56894386,0.62469757,-0.055753708
0.599638,0.67171633,-0.07207835
0.6027119,0.6747956,-0.07208371
0.57479,0.62831795,-0.05352795
0.5645442,0.62716,-0.06261581
0.5815176,0.6430908,-0.061573207
0.59397686,0.6552812,-0.06130433
0.5600289,0.6431922,-0.08316326
0.5949357,0.65211713,-0.057181418
0.52202934,0.5773992,-0.055369854
0.5910191,0.6587031,-0.067683995
0.60700905,0.6722629,-0.065253854
0.4691502,0.5404952,-0.07134503
0.6092222,0.6469957,-0.03777355
0.6456922,0.73277074,-0.08707851
0.5722704,0.6253344,-0.05306399
0.5634947,0.61884874,-0.05535406
0.57304746,0.63413256,-0.061085105
0.5189604,0.5535027,-0.034542263
0.5746296,0.6357021,-0.06107247
0.58487946,0.64629346,-0.061414003
0.5914568,0.65016204,-0.05870527
0.57090145,0.61555654,-0.044655085
0.5712124,0.63226104,-0.061048627
0.5198532,0.6194755,-0.09962231
0.6233265,0.7250021,-0.10167563
0.6102695,0.67390543,-0.063635945
0.5408216,0.5992408,-0.058419168
0.5847604,0.6454444,-0.060683966
0.5323585,0.584624,-0.052265465
0.5453641,0.5926975,-0.04733342
0.5285759,0.60293055,-0.07435465
0.5400247,0.6307338,-0.09070909
0.51659834,0.6050209,-0.08842254
0.621255,0.6897321,-0.068477094
0.55337536,0.610783,-0.057407618
0.5553171,0.657906,-0.10258889
0.553444,0.5953066,-0.041862547
0.56218934,0.6352386,-0.07304925
0.53449714,0.5666054,-0.032108247
0.5595065,0.64260906,-0.083102584
0.604271,0.6501821,-0.045911133
0.5547614,0.6308771,-0.07611567
0.522921,0.5808283,-0.057907283
0.5653923,0.6015688,-0.036176503
0.64695907,0.70150083,-0.054541767
0.57520324,0.63329834,-0.058095098
0.5846108,0.6614519,-0.07684106
0.5661284,0.6509401,-0.08481175
0.5734794,0.627972,-0.054492593
0.55139464,0.6068022,-0.055407584
0.54853976,0.61481154,-0.06627178
0.57884103,0.63377213,-0.054931104
0.6049907,0.7503622,-0.1453715
0.26273546,0.27948335,-0.016747892
0.5103606,0.55835587,-0.04799527
0.5501568,0.6244586,-0.07430184
0.6357245,0.69315606,-0.05743158
0.4909559,0.54923105,-0.058275163
0.56178653,0.6400031,-0.07821655
0.45630404,0.49046335,-0.034159303
0.5669937,0.639737,-0.0727433
0.6796016,0.736998,-0.057396412
0.52239084,0.6162424,-0.09385157
0.5818396,0.6376425,-0.05580288
0.5882688,0.68016344,-0.09189463
0.6183033,0.6649636,-0.046660304
0.58733386,0.6823143,-0.09498042
0.54477054,0.6192297,-0.074459136
0.575368,0.6200809,-0.0447129
0.5409881,0.6057838,-0.06479573
0.6281722,0.6949789,-0.066806674
0.59053504,0.6866894,-0.09615433
0.56507224,0.6364879,-0.07141566
0.5153886,0.58133984,-0.06595123
0.55584764,0.63441634,-0.0785687
0.52234674,0.59550166,-0.07315493
0.5822931,0.66791147,-0.08561838
0.6202442,0.665556,-0.04531181
0.59627587,0.6673109,-0.07103503
0.6148,0.6885495,-0.07374954
0.61626065,0.67473054,-0.05846989
0.548149,0.61723614,-0.06908715
0.58869547,0.652579,-0.06388354
0.5683262,0.65243316,-0.08410698
0.5827568,0.732773,-0.15001619
0.5883805,0.6499392,-0.061558664
0.60389155,0.6513572,-0.047465622
0.56965935,0.63516134,-0.06550199
0.5571083,0.63732326,-0.08021498
0.5924893,0.6567447,-0.06425542
0.5406227,0.6043628,-0.063740075
0.580346,0.64975184,-0.069405854
0.61643064,0.67901134,-0.062580705
0.5567733,0.6201992,-0.0634259
0.5871523,0.64998466,-0.062832355
0.5306166,0.59141964,-0.060803056
0.54027426,0.62905985,-0.08878559
0.5264132,0.5711989,-0.04478568
0.59276617,0.6399152,-0.047149062
0.543643,0.624372,-0.08072901
0.52841216,0.59656936,-0.068157196
0.610698,0.7015268,-0.090828836
0.5881083,0.6415572,-0.053448915
0.5567196,0.63038504,-0.07366544
0.48544538,0.5576943,-0.072248936
0.6450636,0.7157082,-0.07064462
0.563413,0.61476845,-0.05135542
0.5392548,0.63833714,-0.09908235
0.62634134,0.6714959,-0.04515457
0.5405387,0.6041078,-0.06356907
0.5554565,0.6248753,-0.06941879
0.5703707,0.6538874,-0.08351672
0.5881025,0.62947685,-0.041374326
0.4448836,0.47794533,-0.033061713
0.60487014,0.68993676,-0.08506662
0.59054196,0.64884883,-0.058306873
0.5871325,0.64619976,-0.05906725
0.49476787,0.59023976,-0.09547189
0.5282073,0.62398845,-0.09578115
0.6140822,0.68381417,-0.06973195
0.5511179,0.61788905,-0.06677115
0.6113892,0.6610901,-0.049700856
0.5876775,0.64100343,-0.05332595
0.62609076,0.6943562,-0.06826544
0.5933345,0.6457074,-0.052372932
0.5677953,0.599687,-0.031891704
0.5022646,0.5683968,-0.06613219
0.57287794,0.6262893,-0.053411365
0.53229654,0.6022739,-0.06997734
0.51901937,0.5953303,-0.07631093
0.60652226,0.6583555,-0.051833212
0.5400806,0.6059676,-0.065886974
0.54986244,0.6022054,-0.05234295
0.448611,0.51467264,-0.066061646
0.5769736,0.66344976,-0.08647615
0.5731724,0.6313425,-0.05817008
0.61059684,0.6813605,-0.07076365
0.600577,0.66806555,-0.06748855
0.5795365,0.6502344,-0.0706979
0.56118983,0.6297423,-0.068552494
0.54074985,0.61110294,-0.07035309
0.5641957,0.63039225,-0.06619656
0.5364504,0.58236784,-0.04591745
0.40184954,0.40219414,-3.4460425E-4
0.50182694,0.54908293,-0.047255993
0.5568719,0.62391144,-0.06703955
0.51627916,0.59745765,-0.08117849
0.45816633,0.5421401,-0.083973795
0.6439401,0.7117745,-0.06783444
0.48409465,0.55333835,-0.0692437
0.5939918,0.67959505,-0.08560324
0.5946415,0.68501675,-0.090375245
0.603684,0.6888486,-0.08516461
0.57231456,0.6266851,-0.054370522
0.49174142,0.55814815,-0.06640673
0.58047223,0.65229875,-0.07182652
0.576232,0.64744204,-0.07121003
0.58118075,0.6721425,-0.090961754
0.61475897,0.66071504,-0.045956075
0.55389714,0.61049116,-0.056594014
0.5111778,0.57249576,-0.06131798
0.5727946,0.64408123,-0.07128662
0.58611697,0.6598923,-0.07377535
0.60045195,0.6732975,-0.07284558
0.6360177,0.6780932,-0.042075515
0.5690232,0.6318429,-0.06281972
0.53733253,0.65933955,-0.12200701
0.51767117,0.575966,-0.058294833
0.52607673,0.5634956,-0.037418842
0.5563899,0.6078463,-0.05145639
0.5436831,0.6337693,-0.09008616
0.56776047,0.63362795,-0.06586748
0.56523377,0.6411527,-0.07591891
0.52954084,0.6033964,-0.07385558
0.58726466,0.6680092,-0.080744565
0.5169064,0.59085363,-0.07394725
0.62077487,0.6863951,-0.06562024
0.63538027,0.70530695,-0.06992668
0.57638437,0.6348276,-0.05844325
0.5756641,0.62867355,-0.05300945
0.57298476,0.6459931,-0.07300836
0.56163293,0.5986849,-0.037051976
0.56653935,0.63893616,-0.072396815
0.62598187,0.69700134,-0.07101947
0.5697543,0.64558554,-0.075831234
0.57447577,0.63179666,-0.057320893
0.60331225,0.6699228,-0.066610575
0.61632425,0.6790059,-0.062681675
0.5442634,0.6032098,-0.05894637
0.53964746,0.6343103,-0.094662845
0.51763177,0.5679207,-0.050288916
0.5584306,0.643917,-0.08548641
0.61633337,0.70249766,-0.086164296
0.5668292,0.65312564,-0.08629644
0.5549427,0.62386394,-0.06892121
0.5885262,0.6870222,-0.09849602
0.5339733,0.6064973,-0.07252401
0.55996794,0.60892546,-0.048957527
0.52447957,0.6221386,-0.09765905
0.5837622,0.6319711,-0.048208892
0.5647897,0.6280081,-0.063218415
0.52736497,0.60743356,-0.08006859
0.5695017,0.6388548,-0.0693531
0.5176903,0.6008408,-0.083150506
0.54028535,0.6301052,-0.08981985
0.55365497,0.627982,-0.07432705
0.5684898,0.6307786,-0.06228882
0.42827877,0.49611163,-0.06783286
0.5803807,0.62468135,-0.044300675
0.58259594,0.62980944,-0.047213495
0.6402959,0.70255315,-0.06225723
0.55490327,0.6335617,-0.0786584
0.5822095,0.64944404,-0.067234516
0.5011615,0.54131454,-0.040153027
0.5701678,0.63206786,-0.06190008
0.64015615,0.7168983,-0.07674217
0.5543997,0.6189434,-0.064543664
0.5665809,0.64423794,-0.077657044
0.5309659,0.6080485,-0.077082574
0.5986946,0.6461268,-0.047432184
0.5926573,0.6483694,-0.055712044
0.62514555,0.683675,-0.058529437
0.5785096,0.66236556,-0.08385593
0.52462965,0.61021894,-0.08558929
0.5458393,0.62425447,-0.078415155
0.5533919,0.6006598,-0.047267914
0.61010724,0.70727825,-0.09717101
0.485442,0.6100478,-0.124605805
0.5646482,0.620036,-0.055387795
0.5226051,0.61520016,-0.09259504
0.57741,0.6460561,-0.06864613
0.54746234,0.6246162,-0.07715386
0.61791396,0.69303924,-0.07512528
0.630851,0.7356515,-0.10480052
0.57505673,0.63507456,-0.060017824
0.60028166,0.6737113,-0.073429644
0.5451181,0.6321939,-0.08707583
0.48922688,0.5840517,-0.09482485
0.5967312,0.65373266,-0.05700147
0.5796097,0.620153,-0.040543318
0.5614679,0.6112958,-0.049827933
0.5831896,0.63390815,-0.050718546
0.51915586,0.5998608,-0.08070493
0.50281817,0.55795497,-0.0551368
0.6120846,0.6818398,-0.0697552
0.55689,0.6237977,-0.066907704
0.5560882,0.60774773,-0.051659524
0.58164614,0.6186076,-0.036961436
0.52276504,0.61844605,-0.09568101
0.48936626,0.5697887,-0.08042243
0.58718544,0.66942495,-0.08223951
0.5904261,0.64491534,-0.054489255
0.4943067,0.5630575,-0.06875077
0.62715286,0.687092,-0.059939146
0.5743408,0.6491215,-0.0747807
0.62016803,0.69427204,-0.07410401
0.54126847,0.6028337,-0.06156522
0.57554924,0.6607518,-0.085202575
0.5382403,0.60749,-0.06924969
0.5067398,0.5869077,-0.08016789
0.5818828,0.6334437,-0.05156094
0.5456441,0.61875236,-0.073108256
0.59465116,0.7813193,-0.18666816
0.5651223,0.62708867,-0.06196636
0.5339225,0.6006612,-0.066738725
0.59607846,0.6857126,-0.08963412
0.5056632,0.5724447,-0.06678146
0.6346805,0.7044942,-0.06981367
0.63122356,0.70787585,-0.07665229
0.5577559,0.62508833,-0.06733245
0.53121704,0.61285007,-0.08163303
0.5696221,0.63087666,-0.06125456
0.5659272,0.64679694,-0.080869734
0.5225575,0.6162973,-0.09373981
0.57484037,0.65897435,-0.08413398
0.6108227,0.6937909,-0.082968235
0.51365435,0.5914069,-0.07775253
0.569375,0.6203147,-0.05093974
0.587131,0.67555267,-0.08842164
0.5072743,0.5477682,-0.040493846
0.6039148,0.67739576,-0.07348096
0.5808674,0.6385425,-0.057675064
0.56515855,0.63258404,-0.06742549
0.5750114,0.63416696,-0.059155583
0.5553614,0.6426667,-0.08730531
0.5714106,0.6272911,-0.055880487
0.56161517,0.61067575,-0.049060583
0.6074234,0.6592101,-0.05178666
0.5836801,0.6420749,-0.05839479
0.563464,0.63008934,-0.06662536
0.5721258,0.6276746,-0.055548787
0.5800117,0.66568273,-0.08567101
0.5147516,0.5408803,-0.02612871
0.54960805,0.60500425,-0.0553962
0.538743,0.5983939,-0.059650898
0.5378731,0.62874204,-0.09086895
0.58730847,0.6565647,-0.069256246
0.61242336,0.7242513,-0.11182791
0.6129772,0.6729966,-0.060019374
0.6110057,0.67062426,-0.059618533
0.6053741,0.6693038,-0.06392968
0.6113149,0.6735806,-0.062265694
0.55941063,0.62616897,-0.066758335
0.58251625,0.6561193,-0.073603034
0.5686802,0.6123059,-0.043625653
0.55274,0.6156405,-0.06290054
0.60835576,0.7215113,-0.113155544
0.55671173,0.63697284,-0.08026111
0.5645041,0.6146193,-0.050115228
0.58915484,0.6375755,-0.048420668
0.6355728,0.6873594,-0.0517866
0.5886543,0.6489246,-0.06027031
0.56354225,0.64546657,-0.08192432
0.6320966,0.70221746,-0.07012087
0.57165563,0.64174837,-0.07009274
0.5735872,0.66395384,-0.09036666
0.56603765,0.63824403,-0.07220638
0.5254459,0.5761546,-0.05070871
0.5145432,0.5796646,-0.06512141
0.55762064,0.6295833,-0.071962655
0.54625744,0.6112474,-0.064989984
0.6287828,0.7365757,-0.107792914
0.5846786,0.617993,-0.033314407
0.63241524,0.70167494,-0.0692597
0.5911609,0.7052122,-0.11405128
0.5261999,0.5726423,-0.04644245
0.557181,0.6281251,-0.07094407
0.5994195,0.657573,-0.05815351
0.5942002,0.6498793,-0.055679083
0.57693666,0.6557129,-0.07877624
0.61573607,0.6832164,-0.067480326
0.47907668,0.5698475,-0.09077084
0.5985183,0.6531855,-0.054667175
0.60120773,0.6848776,-0.08366984
0.59669894,0.65936273,-0.06266379
0.5163132,0.57997036,-0.063657165
0.5888228,0.6426487,-0.053825915
0.59709716,0.6704531,-0.07335591
0.53347677,0.6197924,-0.08631563
0.5883071,0.66108996,-0.072782874
0.5694431,0.62590045,-0.05645734
0.4590847,0.5554157,-0.096331
0.56866944,0.6162131,-0.047543645
0.5334582,0.57529604,-0.04183787
0.5470834,0.6269879,-0.0799045
0.53667533,0.6311363,-0.094460964
0.5341633,0.609979,-0.07581568
0.59748214,0.6810534,-0.083571255
0.5969178,0.6509647,-0.05404687
0.5447437,0.5938688,-0.049125075
0.5100064,0.55574656,-0.045740128
0.614241,0.6673812,-0.053140223
0.53402495,0.6042065,-0.07018155
0.5731435,0.6570542,-0.0839107
0.532983,0.60657084,-0.073587835
0.54069984,0.58607084,-0.045370996
0.5724739,0.63117826,-0.058704376
0.5926569,0.65499496,-0.062338054
0.5021937,0.5759839,-0.07379019
0.5887361,0.66174823,-0.07301211
0.5795929,0.6507426,-0.07114971
0.48540837,0.56264514,-0.07723677
0.53635615,0.6015499,-0.06519377
0.6321724,0.70229465,-0.07012224
0.5191228,0.5924155,-0.07329273
0.4976016,0.53953785,-0.04193625
0.55668205,0.6098357,-0.053153634
0.5728339,0.6256105,-0.052776575
0.5614208,0.6330128,-0.07159197
0.6555611,0.7250096,-0.06944853
0.5678123,0.6179306,-0.050118268
0.55256504,0.6086,-0.056034982
0.51712835,0.59595037,-0.07882202
0.5898411,0.67207414,-0.08223301
0.51531434,0.54080606,-0.025491714
0.52754426,0.62558156,-0.0980373
0.6175576,0.7102247,-0.0926671
0.5469188,0.592822,-0.045903206
0.53471667,0.63843584,-0.103719175
0.62126666,0.6975967,-0.076330066
0.5914346,0.64305836,-0.05162376
0.5796846,0.677324,-0.09763938
0.5572205,0.6480724,-0.0908519
0.5735603,0.65098214,-0.077421844
0.5852343,0.6517148,-0.06648052
0.56632847,0.61716264,-0.05083418
0.5980212,0.6345838,-0.036562562
0.5892932,0.67300487,-0.083711684
0.54408973,0.6113464,-0.06725669
0.51169497,0.5956211,-0.08392614
0.546099,0.5935943,-0.047495306
0.54362994,0.5602681,-0.01663816
0.5398342,0.5874876,-0.047653377
0.51748204,0.5514468,-0.033964753
0.604917,0.67233086,-0.06741387
0.5471446,0.59659296,-0.04944837
0.62327754,0.697278,-0.07400048
0.54243463,0.59161174,-0.04917711
0.5829206,0.6416078,-0.05868721
0.6125558,0.659346,-0.046790183
0.6232969,0.69929904,-0.07600212
0.58493274,0.6379888,-0.05305606
0.47211662,0.4554581,0.016658515
0.40506262,0.40786964,-0.0028070211
0.5831802,0.6379183,-0.054738104
0.5609084,0.64376247,-0.08285409
0.6018535,0.6727409,-0.07088739
0.5247871,0.5875957,-0.06280857
0.5592743,0.6480362,-0.088761866
0.5851223,0.66509634,-0.079974055
0.5615404,0.62682027,-0.06527984
0.54686123,0.5960359,-0.049174666
0.57666266,0.6609283,-0.08426565
0.5881117,0.61633354,-0.028221846
0.5673354,0.61495304,-0.047617614
0.5462163,0.6026115,-0.056395173
0.5691824,0.64782745,-0.07864505
0.59204817,0.64842355,-0.056375384
0.53620774,0.6380795,-0.10187179
0.632356,0.6970102,-0.06465423
0.55864453,0.6197934,-0.061148882
0.563378,0.6108664,-0.04748845
0.5478957,0.62961906,-0.08172333
0.51034224,0.587649,-0.07730675
0.6060233,0.680304,-0.07428068
0.5252053,0.5767739,-0.051568568
0.58698434,0.6477141,-0.060729742
0.6307352,0.71220434,-0.08146912
0.6398961,0.6979518,-0.0580557
0.60698354,0.67362535,-0.06664181
0.61898166,0.6875233,-0.068541646
0.5236162,0.5924971,-0.068880916
0.5782738,0.63734615,-0.059072375
0.6242901,0.6783874,-0.054097295
0.57011056,0.64359313,-0.07348257
0.55963665,0.6247283,-0.06509167
0.47979143,0.50161034,-0.021818906
0.6144289,0.6418793,-0.027450442
0.614507,0.7125379,-0.098030865
0.5359661,0.6342193,-0.09825319
0.5935556,0.6668076,-0.07325196
0.5689788,0.62645924,-0.057480454
0.5462467,0.6474279,-0.10118121
0.5226994,0.5799897,-0.057290256
0.6084007,0.6828736,-0.074472904
0.53318185,0.62276405,-0.089582205
0.50999177,0.6047937,-0.09480196
0.5562224,0.6105435,-0.05432111
0.5324895,0.57689357,-0.04440409
0.5330042,0.6042557,-0.07125145
0.5847649,0.6364405,-0.051675618
0.55383307,0.6379781,-0.08414501
0.6211065,0.6915087,-0.070402205
0.6411146,0.71961504,-0.07850045
0.60598725,0.686283,-0.08029574
0.5714055,0.6397763,-0.06837082
0.56121725,0.63402975,-0.0728125
0.59017503,0.64545655,-0.05528152
0.5684345,0.6013476,-0.03291315
0.6281935,0.7086572,-0.08046371
0.6214149,0.68565005,-0.06423515
0.594017,0.67704314,-0.08302611
0.51732016,0.611835,-0.09451485
0.5822501,0.6542536,-0.072003484
0.5415609,0.60164434,-0.06008345
0.5477536,0.59874797,-0.050994396
0.5651452,0.60167485,-0.03652966
0.6427333,0.7388597,-0.09612644
0.49818707,0.53252774,-0.03434068
0.62185603,0.70855296,-0.08669692
0.5653631,0.61838335,-0.05302024
0.54078645,0.5962634,-0.055476964
0.5864357,0.6623355,-0.07589984
0.5337102,0.6274301,-0.0937199
0.5279733,0.6499968,-0.12202352
0.57092845,0.6169025,-0.045974016
0.5133527,0.60682786,-0.09347516
0.6078433,0.6625113,-0.05466801
0.629673,0.6941614,-0.06448841
0.45460033,0.52812755,-0.07352722
0.5402969,0.62659585,-0.08629894
0.5691603,0.6143895,-0.045229197
0.51785916,0.6044459,-0.086586714
0.57115394,0.6892616,-0.11810768
0.62202454,0.6850624,-0.06303787
0.4720494,0.55229163,-0.08024225
0.5872516,0.63452214,-0.047270536
0.5682574,0.61596423,-0.047706842
0.56459194,0.6073223,-0.04273033
0.57619804,0.66660506,-0.090407014
0.53714365,0.6113774,-0.07423377
0.56314427,0.6478212,-0.08467692
0.59238344,0.63500607,-0.042622626
0.5385375,0.5793974,-0.040859878
0.5282481,0.60393447,-0.075686395
0.54732466,0.59718335,-0.04985869
0.529577,0.61884433,-0.08926731
0.58140874,0.6498725,-0.06846374
0.58977115,0.6317752,-0.04200405
0.5418696,0.61689085,-0.07502127
0.5758989,0.6253051,-0.04940623
0.53215843,0.60809314,-0.07593471
0.56891185,0.6241514,-0.05523956
0.5507215,0.5858448,-0.03512329
0.58680123,0.6634011,-0.076599896
0.61811167,0.6817768,-0.06366515
0.5474264,0.60530776,-0.057881355
0.58653027,0.64630145,-0.05977118
0.5540093,0.6047241,-0.05071479
0.64996535,0.7224599,-0.07249457
0.5560868,0.6288843,-0.07279754
0.5323107,0.58811253,-0.05580181
0.6242449,0.6891824,-0.06493747
0.5534351,0.61829776,-0.06486267
0.6062902,0.6662602,-0.05996996
0.5663257,0.65945876,-0.09313303
0.49276543,0.5329669,-0.040201485
0.5812531,0.6776011,-0.09634799
0.54995704,0.6233085,-0.07335144
0.54202795,0.61275864,-0.070730686
0.49149236,0.5359524,-0.04446003
0.56396496,0.63660735,-0.072642386
0.5704076,0.66486984,-0.094462216
0.5680347,0.6272009,-0.059166193
0.6276132,0.72312725,-0.09551406
0.5419622,0.6088152,-0.06685299
0.6023464,0.6541054,-0.051759005
0.5673856,0.6356119,-0.06822628
0.5816401,0.6223154,-0.040675282
0.5349263,0.6067038,-0.07177752
0.61005527,0.69494134,-0.084886074
0.56511086,0.633645,-0.068534136
0.5740705,0.6260122,-0.051941693
0.6154818,0.67050004,-0.055018246
0.58036155,0.6262925,-0.04593098
0.5835208,0.6191429,-0.03562206
0.5812123,0.64933467,-0.06812239
0.5434393,0.59578687,-0.05234754
0.60664356,0.67622995,-0.069586396
0.5863638,0.66538376,-0.079019964
0.56078863,0.6357583,-0.07496965
0.61861295,0.68910176,-0.07048881
0.6235445,0.70777106,-0.08422655
0.5769381,0.6627655,-0.08582741
0.5984995,0.65448177,-0.05598229
0.5485988,0.5874048,-0.03880596
0.5787322,0.6304266,-0.051694393
0.47217014,0.5361183,-0.063948184
0.5594085,0.6238528,-0.0644443
0.5875361,0.656596,-0.06905991
0.60550064,0.68333906,-0.07783842
0.5592816,0.60529596,-0.04601437
0.47446343,0.5020214,-0.02755794
0.6042397,0.66943616,-0.065196455
0.61803865,0.67980117,-0.06176251
0.5597442,0.62333703,-0.06359285
0.58341926,0.6233773,-0.03995806
0.5615902,0.60319567,-0.041605473
0.59043735,0.63810295,-0.047665596
0.6145828,0.6866908,-0.07210803
0.5785547,0.61435246,-0.035797775
0.48936775,0.568929,-0.07956126
0.5607683,0.64687383,-0.086105525
0.56410843,0.62336344,-0.059255004
0.64985406,0.7038809,-0.054026842
0.56950516,0.62908894,-0.059583783
0.59913987,0.6665319,-0.06739205
0.64290154,0.69723374,-0.054332197
0.610025,0.67693853,-0.066913545
0.5872331,0.6627982,-0.0755651
0.5316857,0.59622675,-0.06454104
0.56823695,0.6167996,-0.048562646
0.51611626,0.60118204,-0.08506578
0.52488345,0.5833158,-0.05843234
0.61023444,0.67532814,-0.065093696
0.5972743,0.64603645,-0.048762143
0.5780144,0.6425269,-0.06451255
0.56279194,0.6176741,-0.05488217
0.64208764,0.7017377,-0.059650064
0.5887233,0.6279707,-0.039247394
0.56522995,0.653637,-0.08840704
0.6225169,0.71353334,-0.09101647
0.6214041,0.6647336,-0.043329477
0.5048824,0.5448686,-0.039986193
0.60264176,0.6818305,-0.079188764
0.5861825,0.63158965,-0.045407176
0.58506584,0.6492079,-0.06414205
0.5311827,0.6212647,-0.09008199
0.6556741,0.7341682,-0.07849407
0.5398875,0.604351,-0.064463496
0.56659067,0.6430082,-0.076417506
0.5484363,0.6042148,-0.055778503
0.55089545,0.6298416,-0.07894617
0.59229106,0.72597873,-0.13368767
0.56583023,0.61884195,-0.053011715
0.5580476,0.6963177,-0.13827008
0.583104,0.6324289,-0.04932487
0.6022771,0.6573572,-0.055080116
0.5691263,0.623176,-0.05404967
0.55314475,0.60982484,-0.056680083
0.64128166,0.7083233,-0.067041636
0.57065886,0.6299433,-0.05928445
0.5164068,0.59263474,-0.07622796
0.5772409,0.6299358,-0.052694917
0.5912225,0.6324691,-0.041246593
0.6189861,0.68096673,-0.061980605
0.50789684,0.5840902,-0.07619333
0.606842,0.66528624,-0.05844426
0.53335637,0.59426165,-0.060905278
0.5018875,0.5366248,-0.03473729
0.61426073,0.6816635,-0.06740278
0.5372414,0.59408486,-0.05684346
0.51315624,0.60608983,-0.092933595
0.59847045,0.70990044,-0.11142999
0.52279264,0.5892581,-0.06646544
0.5608742,0.6398081,-0.078933895
0.5690568,0.6204028,-0.051346004
0.53603655,0.60310286,-0.06706631
0.5608264,0.5995119,-0.0386855
0.5196581,0.5968199,-0.07716179
0.54782534,0.6187987,-0.07097334
0.49581668,0.55930036,-0.063483685
0.54102993,0.62129176,-0.08026183
0.5135001,0.54930264,-0.035802543
0.5774497,0.61012214,-0.032672465
0.56959087,0.61171556,-0.04212469
0.5379717,0.60645497,-0.06848329
0.5689847,0.65097153,-0.081986845
0.5164255,0.582959,-0.066533506
0.5839556,0.6278909,-0.0439353
0.58503723,0.6452567,-0.060219467
0.5778191,0.6582129,-0.08039379
0.5516879,0.6026881,-0.051000178
0.5747032,0.63266903,-0.057965815
0.56703216,0.59240896,-0.025376797
0.6295621,0.6918761,-0.062314034
0.5778707,0.66319394,-0.085323215
0.60192144,0.6947264,-0.09280497
0.60483354,0.69343215,-0.08859861
0.57541764,0.6296358,-0.054218173
0.5659585,0.6307536,-0.06479508
0.6035182,0.6725083,-0.06899011
0.5556138,0.6182531,-0.062639296
0.5520239,0.61778945,-0.06576556
0.6037537,0.681183,-0.077429295
0.6071336,0.70160913,-0.09447551
0.6124373,0.6585633,-0.046126008
0.5819995,0.64767057,-0.06567109
0.5510298,0.61184233,-0.060812533
0.5306666,0.6220303,-0.09136373
0.53829634,0.60269415,-0.06439781
0.6142215,0.67288154,-0.05866003
0.579244,0.6927727,-0.11352867
0.47347155,0.55985475,-0.086383194
0.5928497,0.6396862,-0.046836555
0.5992755,0.661289,-0.062013447
0.637754,0.6977377,-0.05998367
0.5327391,0.5982592,-0.06552011
0.5698997,0.64597327,-0.07607359
0.56809,0.64894795,-0.08085793
0.5395168,0.6048874,-0.06537062
0.58114934,0.65016985,-0.06902051
0.5728333,0.63757306,-0.064739764
0.546224,0.61770004,-0.07147604
0.5583804,0.62682277,-0.068442345
0.58274096,0.6306417,-0.047900736
0.5961776,0.66120815,-0.065030575
0.56369686,0.62831104,-0.06461418
0.50200135,0.58804566,-0.08604431
0.59700906,0.66881585,-0.07180679
0.54330754,0.6112349,-0.06792736
0.5857636,0.6568121,-0.0710485
0.619735,0.6942229,-0.074487925
0.54662716,0.6115721,-0.06494492
0.5165516,0.61700714,-0.10045552
0.5099995,0.5567183,-0.046718776
0.5816944,0.6630637,-0.08136928
0.5836846,0.6541781,-0.07049346
0.55089664,0.6023096,-0.05141294
0.44380093,0.5268321,-0.08303118
0.6015901,0.6677967,-0.066206574
0.6412467,0.70807594,-0.066829264
0.5516049,0.6243651,-0.072760165
0.61411285,0.6827472,-0.06863433
0.5802507,0.6466498,-0.0663991
0.5817654,0.6540393,-0.07227391
0.5588761,0.621933,-0.063056886
0.5820615,0.65420175,-0.07214022
0.53405434,0.60756254,-0.0735082
0.5400987,0.60742474,-0.06732601
0.5769396,0.63071716,-0.053777575
0.55372757,0.6196194,-0.06589186
0.56415695,0.64642596,-0.08226901
0.5726005,0.6285313,-0.055930793
0.54101,0.6074703,-0.06646025
0.5135195,0.5639097,-0.050390184
0.56664705,0.63645566,-0.0698086
0.5847842,0.6832674,-0.098483205
0.5559611,0.6523866,-0.09642553
0.49484053,0.57162863,-0.0767881
0.58089983,0.6411645,-0.060264647
0.5592129,0.62581724,-0.066604316
0.56668866,0.62157625,-0.054887593
0.58945537,0.6624109,-0.07295555
0.5704257,0.6534954,-0.08306968
0.543906,0.61418694,-0.07028097
0.61063176,0.69990015,-0.08926839
0.61508465,0.685067,-0.06998235
0.5977339,0.67330694,-0.07557303
0.6524472,0.704516,-0.05206877
0.5601808,0.6215166,-0.061335802
0.5609186,0.6358986,-0.07497996
0.5672708,0.6278476,-0.060576797
0.6201923,0.72981894,-0.10962665
0.5248299,0.5743004,-0.049470484
0.6396955,0.7373475,-0.09765196
0.57475543,0.61507106,-0.040315628
0.59834844,0.67427486,-0.07592642
0.5595844,0.6837695,-0.124185145
0.5322842,0.6052551,-0.07297093
0.6531014,0.71598786,-0.06288648
0.6160848,0.6782659,-0.062181115
0.57391065,0.634145,-0.060234368
0.5875116,0.68242913,-0.094917536
0.6142565,0.66359895,-0.049342453
0.59460163,0.6401225,-0.045520842
0.5152996,0.56397927,-0.04867965
0.5544329,0.6398562,-0.08542329
0.5453694,0.6316738,-0.086304426
0.5354262,0.59148014,-0.056053936
0.57109445,0.635825,-0.064730525
0.56946737,0.62822247,-0.0587551
0.5902865,0.65828246,-0.067995965
0.66872233,0.7212271,-0.052504778
0.6540502,0.72598004,-0.07192987
0.5617124,0.6363028,-0.074590445
0.54801273,0.6296364,-0.08162367
0.6283962,0.6931689,-0.064772666
0.60155797,0.7401257,-0.13856775
0.59166414,0.648947,-0.057282865
0.5816959,0.6348359,-0.053139985
0.6241776,0.70197904,-0.077801466
0.62955517,0.7449408,-0.11538565
0.54955316,0.577813,-0.028259873
0.60631293,0.67907673,-0.0727638
0.54871917,0.608589,-0.059869826
0.49462742,0.56355894,-0.06893152
0.61158967,0.6681172,-0.056527555
0.6120197,0.685065,-0.073045254
0.55814785,0.61294466,-0.054796815
0.55097175,0.62245786,-0.071486115
0.57956594,0.6705762,-0.09101027
0.5457542,0.6267334,-0.08097923
0.5441963,0.6121111,-0.067914784
0.5596516,0.64336663,-0.08371502
0.60999405,0.6926872,-0.08269316
0.5735737,0.6074081,-0.033834398
0.59131026,0.67317504,-0.081864774
0.53507495,0.5908498,-0.055774868
0.562035,0.64642346,-0.084388435
0.6105667,0.6820013,-0.07143462
0.5640095,0.6179152,-0.053905725
0.5416307,0.63351595,-0.09188527
0.52442205,0.6086881,-0.08426607
0.5538741,0.63350785,-0.07963377
0.5287001,0.56565964,-0.03695953
0.5669075,0.6438461,-0.07693857
0.57566494,0.62530625,-0.04964131
0.52051526,0.5821254,-0.061610162
0.5415186,0.5992213,-0.05770266
0.55958956,0.6162493,-0.056659758
0.6527109,0.69653624,-0.04382533
0.6126934,0.69961846,-0.08692503
0.5791364,0.6624237,-0.0832873
0.56917083,0.6243312,-0.055160344
0.6106126,0.6843332,-0.073720634
0.62042886,0.72686327,-0.106434405
0.5747102,0.6225277,-0.04781753
0.5671414,0.63094616,-0.063804746
0.6016039,0.687282,-0.0856781
0.5638512,0.6841548,-0.12030363
0.6007046,0.66513586,-0.06443125
0.55416083,0.599023,-0.04486215
0.6548903,0.71635294,-0.06146264
0.5663621,0.6624916,-0.09612954
0.58108354,0.64367306,-0.062589526
0.5770988,0.65033495,-0.07323617
0.57120293,0.6552375,-0.08403456
0.6007346,0.6561199,-0.05538529
0.5533178,0.6208239,-0.067506135
0.62235194,0.7139731,-0.09162116
0.49809095,0.5451628,-0.047071844
0.61810654,0.6796193,-0.06151277
0.5663164,0.62662464,-0.060308218
0.63211286,0.68865407,-0.056541204
0.59702605,0.6748645,-0.07783842
0.6139355,0.6810814,-0.06714594
0.5570148,0.6219888,-0.06497395
0.61021584,0.67315745,-0.06294161
0.43814775,0.52006114,-0.08191338
0.46494406,0.5154118,-0.05046773
0.5985883,0.6597074,-0.06111914
0.49585572,0.5370664,-0.04121068
0.55298525,0.5972135,-0.044228256
0.541476,0.58715934,-0.045683324
0.5612721,0.6284854,-0.0672133
0.5121486,0.60413146,-0.09198284
0.4936827,0.57153213,-0.07784942
0.5592098,0.64919734,-0.08998752
0.58126885,0.65189725,-0.070628405
0.59096456,0.6525794,-0.06161487
0.6341734,0.68298143,-0.04880804
0.5925666,0.65541214,-0.06284553
0.5403223,0.6229791,-0.0826568
0.62115383,0.70128,-0.08012617
0.52762794,0.594784,-0.06715608
0.5742672,0.6231092,-0.048842013
0.5412188,0.61278015,-0.07156134
0.54478925,0.6054151,-0.06062585
0.64345366,0.7278521,-0.08439845
0.6411685,0.7094761,-0.06830764
0.62381285,0.69244236,-0.0686295
0.58546114,0.6258023,-0.04034114
0.5205696,0.54526186,-0.024692237
0.5659636,0.6230191,-0.057055473
0.5268797,0.59500796,-0.06812823
0.51742595,0.5546538,-0.03722787
0.6089669,0.6560178,-0.047050893
0.59190404,0.6502951,-0.058391035
0.542067,0.6085974,-0.06653041
0.5609082,0.6209952,-0.060087025
0.42350635,0.49496624,-0.07145989
0.5673923,0.6188178,-0.051425517
0.5944835,0.6983963,-0.10391283
0.54272175,0.6248352,-0.082113445
0.59065425,0.66428435,-0.073630095
0.5329227,0.5709472,-0.038024485
0.5155664,0.6474652,-0.13189882
0.59785944,0.6676793,-0.06981987
0.56571347,0.6354565,-0.06974304
0.609985,0.6569549,-0.04696989
0.5735165,0.6279934,-0.054476917
0.5480388,0.6275804,-0.07954162
0.52937657,0.5951132,-0.06573665
0.50942075,0.5930031,-0.08358234
0.46759617,0.50580925,-0.038213074
0.554212,0.62833697,-0.07412499
0.5363358,0.5877953,-0.05145949
0.5430675,0.59691054,-0.05384302
0.5380042,0.57346857,-0.035464346
0.5257786,0.60966676,-0.08388817
0.60402006,0.67394495,-0.06992489
0.5748506,0.6574428,-0.08259219
0.5383684,0.5997394,-0.06137097
0.59620166,0.6544273,-0.05822563
0.59416103,0.64683205,-0.052671015
0.57977945,0.6277632,-0.047983766
0.5550398,0.6094715,-0.054431677
0.5513133,0.61033267,-0.059019387
0.6022442,0.6745659,-0.07232171
0.50201315,0.5429832,-0.040970027
0.53251266,0.58853954,-0.056026876
0.537263,0.5797079,-0.042444944
0.627058,0.6917101,-0.064652085
0.5005826,0.5652203,-0.06463772
0.5503222,0.59556544,-0.045243263
0.49585652,0.5641497,-0.068293154
0.6425765,0.7003239,-0.057747364
0.57903624,0.70456547,-0.12552923
0.5107228,0.6021928,-0.09147
0.6207688,0.69697213,-0.076203346
0.44696233,0.5136269,-0.06666455
0.5691046,0.60447043,-0.03536582
0.61609685,0.678342,-0.06224513
0.5584191,0.6221782,-0.06375909
0.57112825,0.6079024,-0.03677416
0.57441527,0.64886653,-0.07445127
0.51384884,0.5844286,-0.07057977
0.5812838,0.6669651,-0.08568132
0.55582124,0.607442,-0.05162078
0.57900655,0.67208797,-0.093081415
0.5734843,0.6587157,-0.08523142
0.5402042,0.6029189,-0.062714696
0.62642914,0.6961681,-0.069738984
0.5440173,0.5928826,-0.04886526
0.6236087,0.6968001,-0.073191404
0.5198937,0.58767354,-0.06777984
0.5707448,0.6137183,-0.04297346
0.6028603,0.67899597,-0.076135695
0.53690726,0.6112223,-0.07431507
0.6183195,0.6967317,-0.078412175
0.5720405,0.6536384,-0.081597924
0.5430827,0.60751694,-0.06443423
0.6058973,0.6664509,-0.06055361
0.5810864,0.639791,-0.058704615
0.65241355,0.71592975,-0.0635162
0.5427907,0.6038092,-0.061018467
0.5673525,0.63800806,-0.070655584
0.55210346,0.63592345,-0.083819985
0.5539815,0.62726045,-0.07327896
0.6142637,0.6938375,-0.07957381
0.5852274,0.6534436,-0.068216205
0.64118063,0.7055697,-0.06438905
0.5735188,0.64767504,-0.074156225
0.5720149,0.62677735,-0.054762423
0.65093535,0.7044638,-0.053528428
0.5834414,0.64485663,-0.061415255
0.55917317,0.6235501,-0.06437695
0.5724111,0.6569622,-0.084551096
0.5892437,0.6707774,-0.08153367
0.5635152,0.63159454,-0.06807935
0.55449194,0.62827784,-0.0737859
0.57746136,0.62283117,-0.045369804
0.57000715,0.62321705,-0.0532099
0.63067454,0.7172122,-0.08653766
0.5714481,0.626623,-0.055174887
0.54009736,0.60465807,-0.06456071
0.65921175,0.7170199,-0.05780816
0.52201676,0.58393,-0.061913252
0.550947,0.6036878,-0.052740812
0.59257025,0.6615911,-0.06902087
0.5692122,0.6227655,-0.053553283
0.5139849,0.5873398,-0.0733549
0.5273996,0.609099,-0.08169937
0.5846453,0.63391674,-0.049271464
0.54151547,0.6143814,-0.0728659
0.5559013,0.63227963,-0.076378345
0.58992976,0.6870428,-0.09711301
0.5533312,0.6115074,-0.05817622
0.5854735,0.6440836,-0.05861014
0.5720577,0.6714182,-0.099360466
0.51804125,0.60338736,-0.0853461
0.5814887,0.6193569,-0.037868142
0.6381144,0.6932013,-0.05508691
0.606271,0.6587757,-0.05250466
0.614442,0.6686705,-0.054228485
0.58456314,0.6603912,-0.075828075
0.4945374,0.583205,-0.08866757
0.564674,0.63275003,-0.068076015
0.44249898,0.52756447,-0.085065484
0.6063631,0.6426925,-0.03632939
0.5483834,0.5844171,-0.03603369
0.61196506,0.6882628,-0.07629776
0.5694817,0.68525916,-0.11577749
0.60738355,0.6970403,-0.08965677
0.53403795,0.5969368,-0.062898874
0.5806749,0.66593623,-0.085261345
0.6105074,0.68224764,-0.07174021
0.55183166,0.6007718,-0.048940122
0.5568881,0.6532164,-0.09632832
0.54743075,0.631348,-0.08391726
0.620741,0.6908689,-0.070127904
0.58123356,0.67572564,-0.09449208
0.58687496,0.6470888,-0.060213864
0.58610946,0.64707595,-0.06096649
0.530677,0.5882773,-0.05760026
0.5500256,0.6429609,-0.09293532
0.5848035,0.6401525,-0.055348992
0.5466982,0.6067113,-0.060013115
0.5693299,0.63104767,-0.06171775
0.5256163,0.5813975,-0.055781186
0.5811228,0.6927418,-0.111618996
0.5829992,0.624933,-0.041933775
0.6207517,0.68178916,-0.06103748
0.60508573,0.695123,-0.09003729
0.5941193,0.64002335,-0.04590404
0.6084274,0.6697916,-0.061364174
0.5583765,0.6130118,-0.054635286
0.5515098,0.6039651,-0.052455306
0.5090947,0.59974194,-0.09064722
0.5729373,0.59994435,-0.027007043
0.6002291,0.66525733,-0.06502825
0.61072105,0.7016438,-0.09092277
0.5377152,0.5969047,-0.0591895
0.6031937,0.64395136,-0.040757656
0.5496242,0.6311627,-0.0815385
0.579653,0.6355913,-0.055938303
0.5118574,0.57512665,-0.06326926
0.58865947,0.6435536,-0.05489415
0.485329,0.5659523,-0.0806233
0.53927547,0.6182038,-0.07892835
0.5320371,0.59581643,-0.063779354
0.5332284,0.5948456,-0.061617196
0.54867834,0.61546785,-0.06678951
0.5757096,0.6394584,-0.06374884
0.52968895,0.592466,-0.06277704
0.5654603,0.6230692,-0.057608902
0.56550485,0.5871116,-0.021606743
0.62822884,0.7028627,-0.07463384
0.55543643,0.6535954,-0.098158956
0.5586934,0.62770516,-0.06901175
0.56755465,0.64163864,-0.074083984
0.5416246,0.59120804,-0.049583435
0.52909017,0.58045703,-0.051366866
0.60690933,0.66369784,-0.056788504
0.63595146,0.7051868,-0.069235325
0.5460122,0.62738436,-0.08137214
0.541676,0.61836594,-0.07668996
0.49114972,0.5700571,-0.07890737
0.55375916,0.6023017,-0.04854256
0.5511176,0.6496751,-0.09855747
0.5402714,0.60723084,-0.06695944
0.6240843,0.68835753,-0.06427324
0.5669389,0.63786006,-0.07092118
0.56054085,0.63230264,-0.07176179
0.47140673,0.5166655,-0.04525879
0.59213036,0.69289243,-0.10076207
0.6185165,0.70122635,-0.08270985
0.62621206,0.7016463,-0.07543427
0.63129616,0.6900247,-0.058728516
0.46880987,0.5309695,-0.062159628
0.6196807,0.690318,-0.070637286
0.5493762,0.61330825,-0.06393206
0.56130016,0.64045805,-0.07915789
0.6050224,0.6618016,-0.056779206
0.5596131,0.63180655,-0.072193444
0.5486174,0.65088004,-0.102262616
0.55546534,0.6360021,-0.08053678
0.6121797,0.6710978,-0.05891812
0.547145,0.653433,-0.106288016
0.5025749,0.59488374,-0.09230882
0.5312298,0.59397787,-0.062748075
0.5427088,0.6124041,-0.069695294
0.5168993,0.5871805,-0.07028121
0.5237929,0.5974368,-0.07364386
0.5375973,0.65069467,-0.11309737
0.5964854,0.67002034,-0.073534966
0.5780723,0.65486777,-0.07679546
0.5946728,0.65062016,-0.055947363
0.5644802,0.64358956,-0.07910937
0.56756085,0.6157664,-0.048205554
0.5917516,0.64935774,-0.05760616
0.56331843,0.61645633,-0.0531379
0.61626154,0.7146345,-0.098372936
0.524267,0.5915354,-0.06726837
0.54097193,0.5931803,-0.052208364
0.5891266,0.66052186,-0.07139528
0.5915011,0.70750266,-0.11600155
0.5660798,0.61111075,-0.04503095
0.58773404,0.6614382,-0.07370418
0.6486973,0.71288115,-0.06418383
0.5337544,0.62188,-0.08812559
0.6282926,0.7061433,-0.0778507
0.5511724,0.64930797,-0.09813559
0.5631657,0.6509499,-0.08778417
0.5839293,0.6318314,-0.047902107
0.56083727,0.6311086,-0.07027131
0.57068276,0.62843883,-0.057756066
0.59697944,0.67154795,-0.07456851
0.6044226,0.71754396,-0.11312133
0.561729,0.6445477,-0.08281869
0.6144156,0.6821224,-0.06770682
0.510964,0.5536004,-0.042636395
0.5410359,0.5903954,-0.0493595
0.53760177,0.6377243,-0.10012251
0.5881613,0.6431524,-0.054991126
0.50449485,0.59409326,-0.08959842
0.5698256,0.62701386,-0.057188272
0.5317691,0.56861967,-0.03685057
0.5563823,0.5987986,-0.042416275
0.59385043,0.6474605,-0.053610086
0.5342255,0.6114814,-0.077255905
0.5338796,0.5669912,-0.033111632
0.6260158,0.69633776,-0.07032198
0.51712775,0.610477,-0.09334922
0.4910445,0.5508434,-0.059798926
0.57882947,0.65998775,-0.08115828
0.58379346,0.65822667,-0.07443321
0.59975344,0.6479713,-0.048217833
0.58481985,0.6545275,-0.06970763
0.6132853,0.7478588,-0.13457352
0.5333339,0.58847654,-0.05514264
0.57182515,0.6192554,-0.047430277
0.5893077,0.6488321,-0.059524357
0.56890166,0.62713,-0.058228314
0.544088,0.6260624,-0.08197439
0.5591213,0.6155865,-0.05646521
0.51392317,0.58907455,-0.075151384
0.3654531,0.36339822,0.0020548701
0.54477865,0.6197582,-0.07497954
0.54971766,0.60561436,-0.0558967
0.5236771,0.59594566,-0.072268546
0.54532844,0.61208904,-0.0667606
0.56100416,0.6181266,-0.05712241
0.56961626,0.6544187,-0.08480245
0.54732597,0.599269,-0.051943004
0.59104174,0.6309004,-0.03985864
0.646884,0.68927836,-0.04239434
0.5824427,0.6699587,-0.08751601
0.5459874,0.6180709,-0.07208347
0.55922157,0.66146344,-0.102241874
0.5123271,0.58487654,-0.07254946
0.59805703,0.655899,-0.057841957
0.6308604,0.7062162,-0.07535583
0.5224693,0.5846158,-0.062146544
0.4975055,0.55264336,-0.055137873
0.5426735,0.6019798,-0.059306264
0.58397996,0.6650187,-0.08103871
0.59379625,0.6428782,-0.04908192
0.5819439,0.65288055,-0.07093662
0.64812976,0.74344975,-0.09531999
0.6022161,0.6625762,-0.060360074
0.5752866,0.61893934,-0.043652713
0.59723276,0.6317949,-0.03456217
0.60249543,0.73618394,-0.13368851
0.5799331,0.65804946,-0.07811636
0.592732,0.6381138,-0.045381784
0.5413529,0.6154578,-0.074104846
0.5935395,0.6677863,-0.074246824
0.539715,0.60828555,-0.068570554
0.5867182,0.64384556,-0.057127357
0.5219342,0.56167483,-0.039740622
0.59828466,0.6571653,-0.058880627
0.6371554,0.7118014,-0.074645996
0.59444106,0.70229614,-0.10785508
0.55430734,0.6232123,-0.06890494
0.5456109,0.6094755,-0.06386459
0.5300202,0.61649805,-0.086477876
0.5202783,0.5896074,-0.06932914
0.5335477,0.572572,-0.039024293
0.54377097,0.6144115,-0.070640504
0.5813658,0.61447436,-0.033108532
0.59424275,0.6619085,-0.067665756
0.5120906,0.5756966,-0.063605964
0.53198266,0.59845805,-0.06647539
0.45287502,0.5145789,-0.06170386
0.514744,0.5779889,-0.06324494
0.59341806,0.64981246,-0.0563944
0.56937164,0.6379572,-0.068585575
0.5637493,0.6489041,-0.08515477
0.5547178,0.6147981,-0.06008035
0.6052435,0.64649844,-0.041254938
0.5348942,0.6077195,-0.07282525
0.5572568,0.6130288,-0.055772007
0.5812898,0.642705,-0.061415195
0.564257,0.58803,-0.023772955
0.5646437,0.6367903,-0.072146595
0.45551035,0.557637,-0.10212663
0.6236278,0.688259,-0.06463122
0.6047088,0.6864085,-0.08169973
0.590352,0.6305451,-0.04019308
0.56833494,0.63008434,-0.0617494
0.5115829,0.5825487,-0.07096577
0.5519678,0.6225164,-0.070548594
0.4228341,0.47429675,-0.05146265
0.5630184,0.6264927,-0.0634743
0.53578436,0.6191551,-0.083370745
0.57329154,0.64853203,-0.07524049
0.54104084,0.6514202,-0.11037934
0.5687443,0.6569299,-0.08818561
0.5717883,0.622345,-0.05055666
0.57970196,0.66614527,-0.086443305
0.58892983,0.64638346,-0.057453632
0.5381606,0.62146217,-0.083301544
0.5406361,0.59408116,-0.05344504
0.6267995,0.7072767,-0.08047718
0.5882901,0.65766317,-0.06937307
0.4659966,0.52536064,-0.05936405
0.5529574,0.64185303,-0.08889562
0.6022862,0.6855371,-0.08325088
0.59833676,0.6585121,-0.06017536
0.5747553,0.6515484,-0.076793075
0.48168427,0.5410999,-0.05941564
0.6110093,0.6907446,-0.07973528
0.6061724,0.67015576,-0.06398338
0.57059574,0.6228185,-0.05222279
0.52488846,0.56375426,-0.038865805
0.5333265,0.5368754,-0.0035489202
0.47849986,0.5493598,-0.07085994
0.56888306,0.6190973,-0.05021423
0.6037476,0.6834419,-0.07969427
0.59800535,0.6962415,-0.09823614
0.57181746,0.62762403,-0.055806577
0.6246212,0.70057964,-0.07595843
0.41571066,0.47993687,-0.06422621
0.5459862,0.6116198,-0.065633595
0.5326225,0.567368,-0.034745455
0.56177187,0.627606,-0.065834105
0.53838354,0.5996499,-0.061266363
0.5279765,0.62214047,-0.094163954
0.552001,0.6380218,-0.08602083
0.5792693,0.6672282,-0.08795893
0.6009127,0.64597136,-0.045058668
0.58790004,0.6719839,-0.084083855
0.62642366,0.70084095,-0.07441729
0.55475444,0.5788775,-0.024123073
0.521485,0.6077453,-0.08626032
0.6050468,0.67900723,-0.07396042
0.5205119,0.58356327,-0.06305134
0.5453668,0.6118499,-0.06648308
0.42893496,0.5077757,-0.07884076
0.56402683,0.6069333,-0.042906463
0.5811686,0.6463055,-0.06513691
0.6156911,0.7054376,-0.089746475
0.6424726,0.7023628,-0.05989015
0.5308886,0.5934663,-0.062577665
0.56382835,0.60695195,-0.043123603
0.5486575,0.6117963,-0.06313884
0.60799825,0.6678803,-0.059882045
0.5630727,0.62708163,-0.06400895
0.5022467,0.5979642,-0.09571755
0.62544847,0.6777055,-0.05225706
0.5850648,0.6557498,-0.07068497
0.5718276,0.6416932,-0.069865584
0.6163089,0.68492484,-0.06861591
0.5713332,0.62233925,-0.05100602
0.5656824,0.63026345,-0.06458104
0.6153149,0.66154563,-0.046230733
0.59452957,0.6613238,-0.06679422
0.5640836,0.61674666,-0.052663088
0.5796204,0.6280607,-0.048440278
0.6437002,0.69531244,-0.051612258
0.5929214,0.6625039,-0.06958252
0.49187738,0.53181285,-0.03993547
0.56345505,0.6357588,-0.07230377
0.5871201,0.6429836,-0.0558635
0.56978,0.6323011,-0.0625211
0.5786185,0.6265703,-0.047951758
0.56923276,0.64724785,-0.07801509
0.56655335,0.6234503,-0.056896925
0.53337777,0.6147965,-0.08141875
0.54318845,0.5847216,-0.041533172
0.57598686,0.61561143,-0.03962457
0.6004622,0.672158,-0.071695805
0.5743313,0.618786,-0.044454694
0.5606687,0.64973456,-0.08906585
0.28088254,0.3493538,-0.06847125
0.5279111,0.57621497,-0.048303843
0.5922169,0.62615454,-0.033937633
0.6042531,0.6622478,-0.057994664
0.48850128,0.5482848,-0.059783548
0.5765399,0.6361464,-0.059606552
0.58709747,0.6628587,-0.07576126
0.5888,0.6383918,-0.04959178
0.5769705,0.65780526,-0.08083475
0.56172276,0.6102835,-0.04856074
0.5571569,0.6350257,-0.07786876
0.57323396,0.6390454,-0.065811455
0.52944756,0.5550457,-0.025598168
0.5661801,0.6279371,-0.06175697
0.5215765,0.6141178,-0.09254128
0.597923,0.6494323,-0.05150932
0.5242019,0.6066651,-0.082463145
0.63354385,0.70113635,-0.0675925
0.53003657,0.6054172,-0.07538062
0.57194144,0.63562804,-0.06368661
0.5614595,0.60379905,-0.042339563
0.61429507,0.70065725,-0.08636218
0.575136,0.6304387,-0.05530268
0.6497538,0.71094793,-0.06119412
0.5727011,0.63094574,-0.058244646
0.54809606,0.61029667,-0.062200606
0.5308662,0.6117478,-0.080881596
0.58905745,0.6468061,-0.057748675
0.60745627,0.66201603,-0.054559767
0.5480869,0.6160878,-0.06800091
0.55235183,0.61865586,-0.06630403
0.5763697,0.62066376,-0.04429406
0.6066848,0.66891706,-0.062232256
0.5915143,0.65290976,-0.061395466
0.6233705,0.6981945,-0.074823976
0.6032499,0.670014,-0.06676412
0.5558136,0.60256684,-0.046753228
0.5799332,0.66967046,-0.08973724
0.53394216,0.56815636,-0.0342142
0.51419383,0.54098415,-0.02679032
0.6008178,0.6736351,-0.072817326
0.5942214,0.6530398,-0.0588184
0.57315505,0.6297605,-0.05660546
0.55780256,0.62098235,-0.06317979
0.5349649,0.5962787,-0.061313808
0.5791934,0.63104504,-0.05185163
0.59800917,0.647152,-0.049142838
0.54973984,0.6201002,-0.07036036
0.54968387,0.6041284,-0.05444455
0.5529638,0.60917205,-0.056208253
0.57887495,0.6409683,-0.062093377
0.48249525,0.5252605,-0.04276526
0.5612195,0.62951785,-0.06829834
0.5860988,0.6469727,-0.060873926
0.60425305,0.6741522,-0.06989914
0.6081499,0.68201685,-0.07386696
0.5380651,0.6028456,-0.06478053
0.5956841,0.6617815,-0.06609738
0.5374255,0.6079057,-0.07048017
0.5827913,0.6695375,-0.086746156
0.5688205,0.63484836,-0.06602788
0.54880875,0.62322074,-0.07441199
0.53391963,0.5939867,-0.060067058
0.51397663,0.57448244,-0.060505807
0.57449484,0.62083954,-0.046344697
0.594804,0.7020364,-0.10723239
0.5628011,0.6200523,-0.057251155
0.62243617,0.7106993,-0.088263154
0.49567392,0.5934484,-0.097774476
0.5399629,0.5982609,-0.05829799
0.553649,0.63562,-0.08197099
0.61172014,0.6792831,-0.06756294
0.571385,0.6496757,-0.0782907
0.55787903,0.62050295,-0.06262392
0.53539485,0.5829144,-0.047519565
0.57446176,0.63778675,-0.06332499
0.60634834,0.69286466,-0.08651632
0.56747925,0.6149191,-0.047439873
0.59451246,0.6399616,-0.045449138
0.5062979,0.5762107,-0.06991279
0.54993534,0.61440235,-0.06446701
0.54336065,0.61294365,-0.069583
0.5910927,0.68105453,-0.08996183
0.590656,0.62617105,-0.03551507
0.55244184,0.6579039,-0.105462074
0.5919418,0.64340997,-0.051468194
0.5692838,0.62007606,-0.050792277
0.5821712,0.6672329,-0.08506167
0.46482444,0.5131946,-0.048370183
0.6120178,0.6845668,-0.072548985
0.5961172,0.63784105,-0.041723847
0.53436774,0.5844433,-0.05007553
0.54386944,0.60779345,-0.063924015
0.54521817,0.6175867,-0.0723685
