year,jhum_km2,jhum_km2_mmu5,valid_km2,coverage_pct,jhum_km2_coverage_corrected
1989,319.95,302.35,14084.55,66.52,481.0
1990,471.88,452.56,20927.73,98.84,477.4
1991,772.26,747.01,18347.38,86.65,891.2
1992,801.66,774.07,18291.01,86.38,928.0
1993,1010.79,981.47,20450.3,96.58,1046.6
1994,774.72,746.03,19719.64,93.13,831.9
1995,1051.11,1012.24,18988.5,89.68,1172.1
1996,373.84,354.23,13845.19,65.39,571.7
1997,715.38,694.11,14434.38,68.17,1049.4
1998,791.97,771.82,21153.61,99.9,792.7
1999,1372.71,1322.33,21171.64,99.99,1372.9
2000,678.9,658.5,21099.81,99.65,681.3
2001,1224.05,1189.34,21102.58,99.66,1228.2
2002,979.69,956.05,21142.18,99.85,981.2
2003,778.74,753.31,21141.95,99.85,779.9
2004,891.49,860.27,21174.18,100.0,891.5
2005,760.73,734.53,21174.32,100.0,760.7
2006,1517.91,1460.67,21174.32,100.0,1517.9
2007,1183.44,1094.18,21174.41,100.0,1183.4
2008,583.9,552.87,21174.41,100.0,583.9
2009,935.89,885.77,21174.41,100.0,935.9
2010,375.15,346.41,21173.05,99.99,375.2
2011,467.18,436.37,21164.84,99.95,467.4
2012,501.76,463.36,21164.65,99.95,502.0
2013,1245.84,1171.22,20979.27,99.08,1257.4
2014,394.06,366.54,20980.74,99.09,397.7
2015,460.32,433.48,21174.41,100.0,460.3
2016,417.67,389.19,21161.2,99.94,417.9
2017,434.24,406.03,21161.1,99.94,434.5
2018,478.89,449.82,21174.32,100.0,478.9
2019,380.59,355.96,21164.8,99.95,380.8
2020,363.39,336.15,21164.74,99.95,363.6
2021,675.59,633.72,21174.34,100.0,675.6
2022,330.24,301.88,21174.41,100.0,330.2
2023,368.67,337.14,21174.41,100.0,368.7
2024,388.54,360.74,21174.41,100.0,388.5
2025,528.57,485.25,21174.41,100.0,528.6
