point_id,lon,lat,stratum,ref_jhum,ref_confidence,ref_landcover,notes,pre_v3,post_v3,dnbr_v3,pre_sym25,post_sym25,dnbr_sym25,pre_sym50,post_sym50,dnbr_sym50,pre_wide25,post_wide25,dnbr_wide25,pre_wide50,post_wide50,dnbr_wide50,season_amplitude,elevation,slope
Y2025_0001,92.607907,22.611269,0,0,h,wrc,,0.27346745,0.022237008,0.25123045,0.115767375,0.022237008,0.093530364,0.15056038,0.062956885,0.087603495,0.17676048,0.09212022,0.08464026,0.35237166,0.2275355,0.12483616,0.671806,113.0,18.0
Y2025_0043,92.668004,23.597081,1,1,h,jhum,,0.55116665,0.013624702,0.5375419,0.49824518,0.013624702,0.48462048,0.5180342,0.09273463,0.42529958,0.5180342,0.13547607,0.38255817,0.58611786,0.24161123,0.34450662,0.50230855,231.0,26.0
Y2025_0085,92.916478,22.519911,1,0,h,bareland,possible forest fire,0.5135283,0.038020283,0.475508,0.40538597,0.038020283,0.3673657,0.46007302,0.06840757,0.39166546,0.46084598,0.10031679,0.36052918,0.5899753,0.33587933,0.25409597,0.5896079,820.0,23.0
Y2025_0021,92.772837,23.93341,0,0,h,bareland,surrounded by forest,0.409736,0.160977,0.248759,0.29314706,0.160977,0.13217005,0.37214908,0.19237378,0.1797753,0.42513305,0.22644053,0.19869252,0.5554526,0.4680764,0.08737618,0.4694352,1102.0,30.0
Y2025_0130,92.969029,23.353997,1,0,h,bareland,"Accidentally burned area, it may recover after july ",0.37113017,0.02036162,0.35076854,0.16467549,0.02036162,0.14431387,0.21305545,0.076332934,0.1367225,0.30210355,0.21553004,0.08657351,0.4489696,0.33113998,0.11782962,0.57966566,1209.0,33.0
Y2025_0232,93.312096,23.113877,1,0,h,bareland,expose soil @ may,0.65129924,0.06429607,0.5870032,0.61221516,0.06429607,0.5479191,0.6405747,0.5575402,0.083034515,0.6405747,0.61858225,0.021992445,0.6859641,0.68100214,0.0049619675,0.6665564,1337.0,21.0
Y2025_0252,93.064969,22.448225,1,0,h,bareland,can be forest fire affected region,0.40921357,-0.16788279,0.57709634,0.19794568,-0.16788279,0.36582845,0.28806707,0.054243147,0.23382393,0.3324632,0.34443,-0.011966795,0.542571,0.46820197,0.07436904,0.79180324,1695.0,8.0
Y2025_0144,92.922676,23.793273,1,0,h,baresoil,accidentally burned area,0.34531188,0.00910558,0.3362063,0.12755029,0.00910558,0.11844471,0.25458825,0.07376848,0.18081976,0.29647,0.14665899,0.149811,0.46517622,0.28391564,0.18126059,0.6992666,1204.0,25.0
Y2025_0129,92.588233,22.341775,1,0,h,fallow,2nd year fallow,0.43184295,0.011794458,0.4200485,0.26740673,0.011794458,0.25561228,0.37682244,0.09038297,0.28643948,0.3176499,0.27823746,0.03941244,0.4394352,0.50737584,-0.06794062,0.6311359,128.0,20.0
Y2025_0033,92.428423,23.296055,0,0,h,forest,nearby area is jhum,0.5576245,0.34794384,0.20968068,0.3830996,0.34794384,0.035155743,0.40233415,0.37006214,0.03227201,0.40598658,0.41821256,-0.0122259855,0.6744341,0.6794928,-0.005058646,0.38993204,220.0,2.0
Y2025_0038,93.277331,23.29363,0,0,h,forest,surrounded by bareland,0.58342785,0.4037012,0.17972666,0.50956094,0.4037012,0.10585976,0.5336266,0.4454896,0.08813703,0.572861,0.4857082,0.08715281,0.62654376,0.5724458,0.05409795,0.27786142,1043.0,29.0
Y2025_0299,93.207801,23.982727,1,0,h,forest,"dry-season leaf-off around, nearby jhum",0.44921452,0.08870119,0.36051333,0.35285372,0.08870119,0.26415253,0.41434142,0.18265864,0.23168278,0.4297664,0.38980025,0.039966136,0.53455603,0.49090993,0.043646097,0.5942008,1078.0,20.0
Y2025_0305,93.040715,23.96009,0,0,h,forest,nearby settlement,0.49429882,0.35002214,0.14427668,0.3629685,0.35002214,0.012946367,0.38036186,0.38251522,-0.0021533668,0.37688586,0.34510338,0.031782478,0.49480498,0.41312662,0.08167836,0.25399524,1085.0,6.0
Y2025_0320,93.302933,23.7895,0,0,h,forest,nearby khum,0.54681957,0.36395752,0.18286204,0.4657103,0.36395752,0.10175279,0.5129844,0.42526513,0.08771926,0.52225274,0.4682135,0.05403924,0.6100553,0.54718083,0.062874496,0.3546722,1234.0,29.0
Y2025_0026,92.437316,23.795968,1,1,h,jhum,unmetalled road,0.55224955,0.098732725,0.45351684,0.5278685,0.098732725,0.4291358,0.5343147,0.15615551,0.37815917,0.5343147,0.23678212,0.29753256,0.5838577,0.5503103,0.0335474,0.5735128,294.0,26.0
Y2025_0041,93.237715,23.411399,1,1,h,jhum,cleared_2024_11,0.46535954,-0.15010194,0.61546147,0.3523669,-0.15010194,0.5024688,0.4007858,-0.11360272,0.5143885,0.42949727,0.18752135,0.24197592,0.5715775,0.23791938,0.3336581,0.87230986,1279.0,30.0
Y2025_0079,92.428693,23.742608,1,1,h,jhum,2025_f02_cleared,0.6052397,0.06457143,0.54066825,0.56746155,0.06457143,0.5028901,0.5842462,0.14926322,0.43498302,0.58309937,0.30944774,0.27365163,0.6094068,0.5802268,0.02918005,0.55467707,236.0,3.0
Y2025_0115,93.301586,23.296594,1,1,h,jhum,island jhum,0.5136413,0.032293446,0.48134786,0.48931512,0.032293446,0.45702168,0.4982196,0.08009524,0.41812438,0.5136413,0.12913437,0.38450694,0.6132082,0.30438206,0.30882612,0.53635746,1584.0,27.0
Y2025_0206,92.622998,22.412652,1,1,h,jhum,2024_08_cleared,0.40059987,-0.12799579,0.5285957,0.14127062,-0.12799579,0.26926643,0.33069646,-0.0318246,0.36252105,0.31546155,-0.0009984347,0.31645998,0.44688165,0.023346841,0.4235348,0.8416442,149.0,21.0
Y2025_0382,93.098656,23.396307,1,1,h,jhum,2024_11-cleared,0.5953916,-0.10975991,0.7051515,0.5814335,-0.10975991,0.6911934,0.58648306,-0.08931038,0.6757934,0.58886015,0.19205384,0.3968063,0.632331,0.23560129,0.3967297,0.75883174,916.0,31.0
Y2025_0072,93.106741,22.485146,0,0,h,ummetalled road,nearby forest cover,0.4242121,0.23987345,0.18433864,0.28108245,0.23987345,0.041208997,0.33013394,0.2706519,0.059482038,0.33808407,0.308336,0.029748082,0.4625699,0.42375836,0.038811535,0.35641485,989.0,27.0
Y2025_0018,92.954207,22.983441,0,0,h,bamboo,,0.54488,0.3783317,0.16654828,0.4700257,0.3783317,0.091694,0.4897645,0.4135875,0.076177,0.5054725,0.4369304,0.06854209,0.5969009,0.5682619,0.028638959,0.31733218,390.0,32.0
Y2025_0019,93.268707,24.015606,0,0,h,bamboo,,0.5833143,0.542992,0.040322304,0.5470168,0.542992,0.0040248036,0.558079,0.56462234,-0.0065433383,0.56058186,0.57402587,-0.013444006,0.60422987,0.604165,6.484985e-05,0.12191796,913.0,2.0
Y2025_0084,92.552391,23.372322,0,0,h,bamboo,,0.55443716,0.5128908,0.041546345,0.5239004,0.5128908,0.011009574,0.54272574,0.53821087,0.004514873,0.54956245,0.5454288,0.0041336417,0.58867604,0.6006787,-0.012002647,0.15436131,320.0,22.0
Y2025_0146,92.811375,24.090256,0,0,h,bamboo,,0.60113233,0.54430425,0.05682808,0.5483086,0.54430425,0.0040043592,0.577736,0.5578802,0.019855797,0.5717643,0.56986564,0.0018986464,0.6214955,0.6340914,-0.012595892,0.15302038,404.0,21.0
Y2025_0210,92.782539,23.204158,0,0,h,bamboo,,0.57408404,0.5406906,0.033393443,0.54336655,0.5406906,0.0026759505,0.5542509,0.5435098,0.010741115,0.5621745,0.5543844,0.0077900887,0.63105935,0.63495916,-0.0038998127,0.14910716,609.0,30.0
Y2025_0214,92.281549,23.813754,0,0,h,bamboo,,0.6365554,0.40995276,0.22660261,0.580888,0.40995276,0.17093521,0.6095847,0.49028155,0.11930314,0.6055191,0.5028391,0.10268003,0.64093816,0.61699706,0.0239411,0.28743413,202.0,20.0
Y2025_0242,92.826197,22.442566,0,0,h,bamboo,,0.5372054,0.32320955,0.21399584,0.45630944,0.32320955,0.13309988,0.4766735,0.35966823,0.11700529,0.4664123,0.40629104,0.060121268,0.5372054,0.4979783,0.0392271,0.3457211,398.0,22.0
Y2025_0010,92.846948,23.649093,0,0,h,bareland,,0.5854572,0.4458772,0.13958001,0.5166448,0.4458772,0.07076758,0.5429252,0.45603576,0.086889416,0.54439884,0.4695303,0.07486853,0.59181136,0.55170774,0.040103614,0.2336761,624.0,34.0
Y2025_0060,93.046644,22.990718,1,0,h,bareland,,0.56489736,0.14480625,0.4200911,0.47933292,0.14480625,0.33452666,0.49957538,0.34295022,0.15662515,0.49957538,0.45613283,0.043442547,0.5980467,0.6163699,-0.018323183,0.589337,722.0,24.0
Y2025_0070,92.719208,23.269375,0,0,h,bareland,,0.52729833,0.49797276,0.029325575,0.51753265,0.49797276,0.01955989,0.52169305,0.50580776,0.015885293,0.52228606,0.51961017,0.002675891,0.5933925,0.55911213,0.03428036,0.14733768,485.0,24.0
Y2025_0091,92.489868,24.022343,0,0,h,bareland,,0.47427723,0.3608649,0.11341232,0.4199453,0.3608649,0.059080392,0.46260443,0.36727744,0.09532699,0.4524054,0.38121068,0.07119471,0.48273095,0.5051313,-0.02240035,0.31067687,589.0,35.0
Y2025_0092,92.490676,23.04839,0,0,h,bareland,,0.47677583,0.27847695,0.19829887,0.3990067,0.27847695,0.12052974,0.4227758,0.38558564,0.03719017,0.41341448,0.4357334,-0.02231893,0.49492893,0.5459181,-0.05098918,0.4090634,100.0,23.0
Y2025_0098,92.476124,23.465028,0,0,h,bareland,,0.5505714,0.47659668,0.0739747,0.5064242,0.47659668,0.029827505,0.5275491,0.5039764,0.023572683,0.54366153,0.5144391,0.029222429,0.6234641,0.5659763,0.057487786,0.18707848,388.0,31.0
Y2025_0100,92.671238,23.08019,0,0,h,bareland,,0.55459374,0.48980862,0.06478512,0.53059113,0.48980862,0.04078251,0.53971964,0.5040784,0.035641253,0.55164146,0.5151818,0.036459684,0.6140881,0.5700802,0.044007897,0.1348589,561.0,16.0
Y2025_0102,92.588772,22.500777,0,0,h,bareland,,0.48613143,0.38472655,0.101404876,0.41807464,0.38472655,0.033348083,0.4391334,0.40052953,0.038603872,0.4391334,0.44273135,-0.003597945,0.56334805,0.5252513,0.038096726,0.27646914,440.0,40.0
Y2025_0113,92.917825,22.412382,1,0,h,bareland,,0.59293354,0.08548198,0.50745153,0.22024895,0.08548198,0.13476697,0.42621225,0.16651747,0.25969478,0.27983785,0.17234446,0.107493386,0.39900088,0.24904302,0.14995787,0.3603744,672.0,53.0
Y2025_0268,92.434622,22.953528,0,0,h,bareland,,0.5635174,0.21664105,0.34687632,0.5237328,0.21664105,0.3070917,0.53372544,0.34344307,0.19028237,0.53964597,0.50500166,0.034644306,0.5960039,0.5907858,0.0052180886,0.49438107,467.0,16.0
Y2025_0275,92.71274,24.322291,0,0,h,bareland,,0.43908453,0.37208036,0.067004174,0.24897094,0.37208036,-0.123109415,0.35741684,0.40410674,-0.046689898,0.3952067,0.4325483,-0.037341624,0.47143152,0.5176495,-0.04621795,0.23116502,324.0,16.0
Y2025_0044,92.306073,23.819414,0,0,h,bareland/forest mix,,0.5709965,0.44609055,0.12490597,0.5115648,0.44609055,0.06547424,0.5413342,0.48824912,0.05308509,0.54356784,0.49701405,0.04655379,0.5895388,0.6423693,-0.052830458,0.25489685,210.0,16.0
Y2025_0047,92.545114,23.225178,0,0,h,bareland/forest mix,,0.6047455,0.4693138,0.1354317,0.5926503,0.4693138,0.123336494,0.5955498,0.5221976,0.07335222,0.60014766,0.5831049,0.017042756,0.6655086,0.6455472,0.019961417,0.23372376,873.0,20.0
Y2025_0133,93.019425,22.511017,1,0,h,baresoil,,0.49202803,-0.048861615,0.5408896,0.30021167,-0.048861615,0.3490733,0.33171365,0.023644378,0.30806926,0.33310392,0.2691255,0.06397843,0.47566122,0.3127762,0.16288501,0.70579445,1607.0,26.0
Y2025_0204,92.421955,22.933046,1,0,h,baresoil,,0.44808674,0.025918229,0.42216852,0.29228574,0.025918229,0.26636752,0.32617462,0.13042848,0.19574614,0.31864068,0.15437295,0.16426773,0.44808674,0.34059668,0.10749006,0.58403,45.0,7.0
Y2025_0006,92.645097,22.06177,1,0,h,early fallow,,0.45912418,0.068080366,0.3910438,0.23601836,0.068080366,0.167938,0.41329724,0.2886264,0.12467083,0.40363547,0.33141217,0.072223306,0.47540352,0.48074472,-0.005341202,0.48368013,167.0,7.0
Y2025_0024,93.039367,24.041208,0,0,h,fallow,,0.58515626,0.5025807,0.08257556,0.504438,0.5025807,0.0018572807,0.5293456,0.52231765,0.007027924,0.53511804,0.5419394,-0.0068213344,0.59673345,0.60383993,-0.007106483,0.19196618,1192.0,26.0
Y2025_0029,92.43004,23.196881,0,0,h,fallow,,0.31763557,0.17467971,0.14295585,0.06838902,0.17467971,-0.10629069,0.19042312,0.23744157,-0.047018453,0.19042312,0.38145125,-0.19102813,0.4129625,0.5569066,-0.14394408,0.51739764,115.0,16.0
Y2025_0106,92.55832,23.146216,0,0,h,fallow,,0.51855,0.3935324,0.12501758,0.2760002,0.3935324,-0.11753219,0.33992302,0.41773012,-0.0778071,0.27412146,0.4436401,-0.16951865,0.3202572,0.53816694,-0.21790975,0.31444398,389.0,7.0
Y2025_0107,92.650756,22.033204,0,0,h,fallow,,0.40016598,0.15992938,0.2402366,0.18546547,0.15992938,0.02553609,0.24470127,0.32992688,-0.08522561,0.22515303,0.34356394,-0.118410915,0.4367367,0.5293197,-0.092583,0.39329398,244.0,20.0
Y2025_0218,92.427615,24.046328,1,0,h,fallow,,0.49587974,0.10384841,0.3920313,0.3865733,0.10384841,0.28272492,0.4289958,0.19167078,0.23732501,0.40021762,0.3417062,0.058511436,0.52618676,0.55706185,-0.030875087,0.5240602,101.0,4.0
Y2025_0005,93.173845,23.331089,0,0,h,forest,,0.60501385,0.52818036,0.07683349,0.55504525,0.52818036,0.026864886,0.5761175,0.5410887,0.035028815,0.5761175,0.5410887,0.035028815,0.6235863,0.59754413,0.026042163,0.16349024,927.0,32.0
Y2025_0007,92.970916,23.791656,0,0,h,forest,,0.68837243,0.54468095,0.14369148,0.58163065,0.54468095,0.036949694,0.5931107,0.56921715,0.023893535,0.60375714,0.57086104,0.0328961,0.6846654,0.6514772,0.033188164,0.19526017,1076.0,22.0
Y2025_0008,92.782,22.554945,0,0,h,forest,,0.68453777,0.5798045,0.10473329,0.6573264,0.5798045,0.07752192,0.66947967,0.6174167,0.05206299,0.6533542,0.65075797,0.0025962591,0.674782,0.676546,-0.0017639995,0.15686238,398.0,27.0
Y2025_0009,93.257388,23.828037,0,0,h,forest,,0.6968281,0.65005714,0.04677099,0.66917896,0.65005714,0.019121826,0.69350964,0.6528616,0.040648043,0.6900396,0.6859934,0.0040462017,0.7095366,0.7174004,-0.00786376,0.10778928,1930.0,15.0
Y2025_0012,92.526519,23.807825,0,0,h,forest,,0.63200885,0.46050686,0.171502,0.44712493,0.46050686,-0.013381928,0.5722077,0.51212966,0.060078025,0.47227773,0.5221616,-0.049883872,0.61418545,0.5836829,0.030502558,0.1792658,78.0,1.0
Y2025_0014,92.883061,23.454518,0,0,h,forest,,0.55042624,0.50376725,0.046658993,0.51044947,0.50376725,0.006682217,0.53161746,0.5517567,-0.020139217,0.5502163,0.56981295,-0.019596636,0.598958,0.6303604,-0.03140241,0.15965396,630.0,10.0
Y2025_0017,92.743732,22.82956,0,0,h,forest,,0.6259121,0.58537424,0.040537834,0.59326583,0.58537424,0.007891595,0.6096596,0.59224206,0.01741755,0.61129576,0.6054237,0.005872071,0.65301114,0.6588188,-0.005807638,0.13674402,311.0,20.0
Y2025_0022,93.04341,23.718353,0,0,h,forest,,0.655546,0.5575601,0.09798592,0.58039105,0.5575601,0.022830963,0.6135557,0.58140403,0.0321517,0.59527457,0.61919755,-0.02392298,0.6830359,0.6577494,0.025286496,0.1812557,609.0,2.0
Y2025_0023,92.600091,23.033567,0,0,h,forest,,0.6161622,0.5480614,0.06810081,0.5720689,0.5480614,0.024007559,0.5735544,0.5596511,0.01390332,0.57330805,0.5598466,0.013461471,0.6385932,0.6011321,0.037461102,0.18079346,129.0,16.0
Y2025_0025,92.767986,23.492517,0,0,h,forest,,0.63659227,0.5930828,0.043509483,0.6063981,0.5930828,0.01331532,0.621075,0.59929025,0.021784723,0.62711614,0.607297,0.01981914,0.6544626,0.6393923,0.01507026,0.081526935,672.0,14.0
Y2025_0030,92.704925,23.055127,0,0,h,forest,,0.6385584,0.59819597,0.040362418,0.6231014,0.59819597,0.024905443,0.6320336,0.61757743,0.014456153,0.6320336,0.63708514,-0.0050515532,0.6708744,0.6998525,-0.02897811,0.13937306,836.0,32.0
Y2025_0035,93.253885,23.611903,0,0,h,forest,,0.6139562,0.3935842,0.22037202,0.53541577,0.3935842,0.14183158,0.56794065,0.4081683,0.15977237,0.5792574,0.48381472,0.09544271,0.6474281,0.59256625,0.054861844,0.29239243,985.0,35.0
Y2025_0036,92.960675,22.132108,0,0,h,forest,,0.5912945,0.5722257,0.019068837,0.5627319,0.5722257,-0.009493768,0.5769518,0.593455,-0.016503215,0.5896905,0.61031157,-0.020621061,0.6374899,0.66209626,-0.024606347,0.11890733,453.0,19.0
Y2025_0037,92.760979,22.580547,0,0,h,forest,,0.6603784,0.557028,0.1033504,0.6264944,0.557028,0.06946641,0.6456289,0.58053493,0.065093994,0.6441991,0.5995169,0.044682145,0.6654897,0.72030526,-0.05481559,0.22120082,344.0,17.0
Y2025_0039,92.698187,23.656908,0,0,h,forest,,0.61487615,0.45384446,0.1610317,0.5525283,0.45384446,0.098683864,0.5735195,0.49139762,0.08212191,0.5783731,0.51939124,0.058981836,0.6767045,0.6518738,0.024830699,0.31141704,718.0,25.0
Y2025_0042,92.385304,22.956761,0,0,h,forest,,0.69428647,0.5818966,0.11238986,0.63050234,0.5818966,0.04860574,0.64606535,0.62095195,0.025113404,0.63268,0.62522715,0.0074528456,0.68594015,0.6887778,-0.002837658,0.17003798,45.0,7.0
Y2025_0045,93.022928,22.130491,0,0,h,forest,,0.7072322,0.65455854,0.052673638,0.67042655,0.65455854,0.015868008,0.68824506,0.6815018,0.0067432523,0.6682341,0.6729069,-0.0046727657,0.68682116,0.6956627,-0.008841515,0.063868284,920.0,25.0
Y2025_0046,92.458068,24.089178,0,0,h,forest,,0.5482144,0.4271302,0.12108418,0.53051114,0.4271302,0.10338095,0.53920525,0.49703056,0.042174697,0.5309689,0.49857214,0.032396764,0.5508606,0.5681367,-0.017276108,0.25097126,93.0,8.0
Y2025_0050,92.772029,23.167506,0,0,h,forest,,0.6715904,0.61208194,0.059508443,0.6293893,0.61208194,0.017307341,0.645144,0.62781596,0.017328024,0.645144,0.64310884,0.002035141,0.685234,0.69812256,-0.012888551,0.15069056,641.0,10.0
Y2025_0051,92.89384,23.559351,0,0,h,forest,,0.57624435,0.48308378,0.09316057,0.5179546,0.48308378,0.034870803,0.5589986,0.5146656,0.04433298,0.56299216,0.5260483,0.036943853,0.6473944,0.6372058,0.010188639,0.24215043,554.0,28.0
Y2025_0052,92.926449,23.687361,0,0,h,forest,,0.5427816,0.34886113,0.19392046,0.42301828,0.34886113,0.07415715,0.49796468,0.3869406,0.11102408,0.50680447,0.489086,0.017718464,0.637676,0.61544377,0.022232234,0.37463787,735.0,25.0
Y2025_0053,92.372638,24.096454,0,0,h,forest,,0.6122078,0.48373517,0.1284726,0.58459693,0.48373517,0.10086176,0.5974826,0.48746353,0.11001909,0.5974826,0.5484944,0.048988223,0.61758894,0.59891236,0.018676579,0.2183286,183.0,19.0
Y2025_0055,92.765291,23.113338,0,0,h,forest,,0.5461977,0.50993806,0.03625965,0.5100566,0.50993806,0.00011855364,0.532947,0.5151794,0.017767608,0.532947,0.5333646,-0.00041759014,0.59521234,0.596689,-0.0014766455,0.17795587,625.0,25.0
Y2025_0057,93.333655,23.27773,0,0,h,forest,,0.6772697,0.5596007,0.11766899,0.635523,0.5596007,0.07592231,0.6520883,0.5902977,0.061790586,0.66549003,0.6363351,0.029154956,0.7223278,0.72007763,0.0022501945,0.19260627,1346.0,23.0
Y2025_0059,92.599283,23.34699,0,0,h,forest,,0.5330806,0.3840277,0.14905289,0.4995053,0.3840277,0.11547762,0.5211152,0.4237448,0.097370386,0.5211152,0.42787334,0.09324184,0.5824431,0.5570447,0.025398433,0.29290977,506.0,38.0
Y2025_0061,93.073863,23.153223,0,0,h,forest,,0.4323803,0.43262458,-0.00024428964,0.31015757,0.43262458,-0.12246701,0.38320816,0.45554185,-0.07233369,0.38327825,0.47846186,-0.09518361,0.64873093,0.57144487,0.077286065,0.30559236,1130.0,18.0
Y2025_0062,92.501456,23.601662,0,0,h,forest,,0.52228934,0.4248501,0.09743923,0.48078057,0.4248501,0.055930465,0.50400066,0.4817575,0.022243172,0.5173053,0.49661502,0.020690292,0.6242549,0.59475565,0.029499233,0.2673264,438.0,19.0
Y2025_0063,93.258197,24.049023,0,0,h,forest,,0.5688874,0.5319059,0.036981523,0.49722987,0.5319059,-0.034676015,0.52255356,0.5427213,-0.020167708,0.53063107,0.54631907,-0.015688002,0.5966871,0.6251787,-0.028491616,0.16446817,551.0,15.0
Y2025_0066,92.592815,22.794795,0,0,h,forest,,0.62082237,0.5091618,0.1116606,0.5522875,0.5091618,0.04312575,0.5816829,0.52581626,0.05586666,0.57959,0.5672839,0.012306094,0.6404389,0.6145482,0.025890708,0.20767868,158.0,20.0
Y2025_0068,92.612218,22.252842,1,0,h,forest,,0.5044858,0.014863505,0.4896223,0.35663038,0.014863505,0.3417669,0.4248332,0.034903284,0.38992992,0.3892518,0.33361223,0.055639565,0.5200212,0.5502685,-0.030247271,0.6734699,148.0,11.0
Y2025_0069,92.888989,23.297942,0,0,h,forest,,0.55356026,0.4933045,0.060255766,0.52216357,0.4933045,0.028859079,0.54965234,0.5216588,0.02799356,0.54965234,0.5260966,0.023555756,0.6226116,0.60710794,0.015503645,0.15732425,541.0,24.0
Y2025_0071,92.328171,23.435923,0,0,h,forest,,0.5619468,0.37077487,0.19117194,0.529844,0.37077487,0.15906912,0.54004204,0.4030425,0.13699955,0.53087234,0.5146608,0.01621157,0.5747954,0.57988244,-0.005087018,0.2901105,80.0,4.0
Y2025_0073,92.975767,24.390742,0,0,h,forest,,0.6091948,0.5473636,0.061831236,0.59253275,0.5473636,0.045169175,0.602155,0.59764713,0.0045078993,0.6022018,0.60878736,-0.0065855384,0.64395165,0.63820094,0.0057507157,0.11188614,465.0,21.0
Y2025_0074,93.146087,23.418945,0,0,h,forest,,0.58276683,0.5545486,0.02821821,0.5465078,0.5545486,-0.008040845,0.56033546,0.564698,-0.0043625236,0.5535456,0.57441187,-0.020866275,0.6147295,0.61405796,0.00067156553,0.14054239,918.0,16.0
Y2025_0077,92.412792,22.921997,0,0,h,forest,,0.5714378,0.4481782,0.123259574,0.49855024,0.4481782,0.050372034,0.51808584,0.47576728,0.042318553,0.49855024,0.51804185,-0.019491613,0.5593934,0.61272675,-0.053333342,0.27371228,51.0,2.0
Y2025_0078,92.722442,22.347973,0,0,h,forest,,0.5568782,0.33720586,0.21967235,0.5205272,0.33720586,0.18332133,0.5474342,0.34575137,0.20168284,0.551691,0.5416895,0.010001481,0.60933024,0.603831,0.0054992437,0.33848777,318.0,21.0
Y2025_0080,92.619225,23.882745,0,0,h,forest,,0.5751699,0.39036745,0.18480247,0.54814136,0.39036745,0.15777391,0.55463034,0.43248728,0.12214306,0.55463034,0.4924177,0.062212646,0.6203972,0.5704958,0.049901426,0.20244148,277.0,11.0
Y2025_0081,93.064161,23.018476,0,0,h,forest,,0.56565744,0.30394107,0.26171637,0.35631126,0.30394107,0.05237019,0.3923666,0.31684804,0.07551855,0.46824628,0.38199028,0.086256,0.6063338,0.487007,0.1193268,0.38610357,994.0,39.0
Y2025_0082,92.706003,23.604626,0,0,h,forest,,0.55577165,0.33214852,0.22362313,0.436764,0.33214852,0.10461548,0.4620572,0.37610063,0.08595657,0.4586524,0.40061793,0.05803448,0.5854699,0.5425427,0.042927206,0.31762314,804.0,40.0
Y2025_0083,93.25658,23.974373,1,0,h,forest,,0.4314026,0.013740665,0.41766194,0.22005,0.013740665,0.20630935,0.33982944,0.22912136,0.11070809,0.36290854,0.40232092,-0.03941238,0.5351584,0.5143836,0.020774782,0.40778968,1024.0,28.0
Y2025_0087,92.58985,22.469246,0,0,h,forest,,0.5708157,0.23052391,0.34029177,0.3998534,0.23052391,0.1693295,0.4957624,0.4052217,0.09054071,0.48503795,0.4270383,0.05799964,0.5699196,0.526823,0.043096602,0.48211646,294.0,14.0
Y2025_0088,93.013226,22.311591,0,0,h,forest,,0.51258105,0.42523146,0.08734959,0.44382957,0.42523146,0.01859811,0.46599665,0.44832757,0.017669082,0.47905648,0.47403324,0.005023241,0.6136122,0.60985947,0.0037527084,0.3000694,1126.0,30.0
Y2025_0089,92.379914,23.376095,0,0,h,forest,,0.36766043,0.10381929,0.26384115,0.16341947,0.10381929,0.059600182,0.21827315,0.1608138,0.057459354,0.21128412,0.21704769,-0.0057635754,0.4594853,0.5370786,-0.07759333,0.6489907,79.0,4.0
Y2025_0090,92.569369,23.835853,0,0,h,forest,,0.6415437,0.5102771,0.1312666,0.5918482,0.5102771,0.0815711,0.60973877,0.54278654,0.06695223,0.6348073,0.6263262,0.008481085,0.6732065,0.66176957,0.011436939,0.18279892,792.0,27.0
Y2025_0093,92.636742,23.705956,0,0,h,forest,,0.64161897,0.54217726,0.09944171,0.5731349,0.54217726,0.03095764,0.5921246,0.5609944,0.031130195,0.5921246,0.5876616,0.0044629574,0.6562839,0.6127906,0.04349333,0.15962404,578.0,31.0
Y2025_0094,92.724598,23.523239,0,0,h,forest,,0.5994228,0.5057386,0.0936842,0.57832134,0.5057386,0.07258272,0.59065896,0.54587275,0.044786215,0.5933196,0.55509686,0.03822273,0.6400442,0.6295992,0.010444999,0.20777589,849.0,17.0
Y2025_0099,92.642402,22.241523,0,0,h,forest,,0.5886664,0.44035897,0.14830741,0.49840045,0.44035897,0.058041483,0.5271011,0.46214244,0.06495866,0.502438,0.5070152,-0.0045772195,0.5886664,0.6520024,-0.063336015,0.28431535,132.0,15.0
Y2025_0103,92.64321,23.916162,0,0,h,forest,,0.5940707,0.4928061,0.101264566,0.46026993,0.4928061,-0.03253618,0.57081133,0.49711195,0.073699385,0.57081133,0.49967876,0.07113257,0.60227823,0.55423504,0.04804319,0.17366022,133.0,18.0
Y2025_0105,93.308862,23.925325,0,0,h,forest,,0.62182415,0.5147461,0.107078016,0.5629366,0.5147461,0.048190475,0.56611204,0.5459234,0.02018863,0.5666034,0.5678108,-0.0012073517,0.64851314,0.6956723,-0.047159135,0.34499484,1117.0,54.0
Y2025_0108,93.170072,22.323449,0,0,h,forest,,0.61783785,0.53200096,0.08583689,0.58821446,0.53200096,0.056213498,0.60478175,0.56496906,0.039812684,0.6057973,0.5895822,0.016215086,0.62732095,0.6394086,-0.012087643,0.1802156,1048.0,25.0
Y2025_0110,92.981965,23.467454,0,0,h,forest,,0.6230667,0.45694944,0.16611728,0.567259,0.45694944,0.11030957,0.57666326,0.48430806,0.09235519,0.598266,0.608843,-0.010577023,0.64348936,0.6335117,0.009977639,0.18552482,900.0,34.0
Y2025_0111,92.858806,23.914815,0,0,h,forest,,0.59254265,0.5030913,0.08945137,0.5486132,0.5030913,0.045521915,0.56853753,0.5340795,0.03445804,0.5820966,0.54379,0.038306594,0.63933945,0.624656,0.014683425,0.17997181,299.0,37.0
Y2025_0114,92.905968,23.785996,0,0,h,forest,,0.65380114,0.46963686,0.18416429,0.57141596,0.46963686,0.1017791,0.6047291,0.49944282,0.1052863,0.60633934,0.54830176,0.05803758,0.64949477,0.62780803,0.021686733,0.22830173,803.0,29.0
Y2025_0117,93.262778,23.13867,0,0,h,forest,,0.6014807,0.47489205,0.12658867,0.55483574,0.47489205,0.07994369,0.58695716,0.5026138,0.084343374,0.58695716,0.573568,0.01338917,0.63956827,0.6624702,-0.022901952,0.22894064,1336.0,21.0
Y2025_0120,93.109975,23.720779,0,0,h,forest,,0.6557274,0.55288297,0.10284442,0.59146345,0.55288297,0.038580477,0.63544977,0.5687079,0.066741884,0.63544977,0.62291145,0.012538314,0.6685177,0.65762675,0.010890961,0.16461879,1417.0,21.0
Y2025_0121,92.51008,23.975721,0,0,h,forest,,0.56578344,0.38667983,0.17910361,0.48733965,0.38667983,0.10065982,0.5529415,0.40620425,0.14673725,0.5119464,0.4517532,0.06019318,0.55636,0.54092693,0.015433073,0.29611552,374.0,37.0
Y2025_0123,93.141506,22.336654,0,0,h,forest,,0.6599666,0.56378925,0.09617734,0.6322854,0.56378925,0.06849617,0.63959444,0.57846826,0.061126173,0.639103,0.60666496,0.03243804,0.68218845,0.63767195,0.044516504,0.12661207,1615.0,17.0
Y2025_0124,92.951782,22.703437,0,0,h,forest,,0.56745076,0.35862544,0.20882532,0.49494097,0.35862544,0.13631552,0.531801,0.4068908,0.124910176,0.5285089,0.45680368,0.07170522,0.59097457,0.56011146,0.030863106,0.35159037,595.0,28.0
Y2025_0125,92.777419,23.824804,0,0,h,forest,,0.6532172,0.53074104,0.12247616,0.57452583,0.53074104,0.043784797,0.6245434,0.5556601,0.0688833,0.6208495,0.5769815,0.043868005,0.65511644,0.6591644,-0.00404799,0.19175106,544.0,37.0
Y2025_0126,92.721633,24.265427,0,0,h,forest,,0.5852942,0.52113885,0.06415534,0.5363108,0.52113885,0.015171945,0.5609748,0.5338646,0.02711016,0.5633246,0.54370534,0.019619226,0.64337295,0.5883647,0.055008233,0.14187753,165.0,19.0
Y2025_0128,92.297718,23.611364,0,0,h,forest,,0.6195316,0.5348335,0.08469808,0.58960634,0.5348335,0.054772854,0.5998041,0.5785958,0.021208286,0.5922625,0.593896,-0.0016334653,0.6305568,0.62263286,0.007923961,0.11109471,143.0,14.0
Y2025_0131,92.767178,24.038243,0,0,h,forest,,0.6405949,0.5209729,0.11962199,0.59429014,0.5209729,0.07331723,0.61441404,0.5535192,0.060894847,0.6319774,0.5711999,0.060777485,0.6767416,0.65531677,0.02142483,0.20975763,764.0,44.0
Y2025_0132,92.95825,22.373306,0,0,h,forest,,0.3849328,0.11048572,0.27444708,0.15895392,0.11048572,0.048468202,0.22420926,0.13702844,0.08718082,0.22420926,0.13655685,0.087652415,0.4147537,0.2617591,0.1529946,0.4793321,136.0,9.0
Y2025_0135,92.850452,23.467184,0,0,h,forest,,0.5654863,0.46294513,0.10254118,0.5031946,0.46294513,0.040249437,0.53526694,0.49417886,0.041088074,0.55721825,0.52041227,0.036805987,0.6241906,0.59302896,0.031161666,0.20574665,991.0,28.0
Y2025_0136,92.530292,24.13041,0,0,h,forest,,0.5899711,0.48753932,0.102431804,0.5609344,0.48753932,0.0733951,0.57850206,0.504407,0.07409507,0.57850206,0.51134074,0.06716132,0.60887754,0.5795429,0.029334664,0.20716321,106.0,23.0
Y2025_0137,92.972263,24.111546,0,0,h,forest,,0.6664859,0.58356416,0.08292174,0.5856648,0.58356416,0.0021006465,0.61787254,0.58987457,0.02799797,0.6041112,0.6426955,-0.038584292,0.7263578,0.7867798,-0.060422003,0.26303655,90.0,30.0
Y2025_0138,92.493102,23.233532,0,0,h,forest,,0.48036945,0.3983544,0.08201504,0.43498737,0.3983544,0.036632955,0.4474314,0.43869627,0.00873512,0.48036945,0.50243753,-0.022068083,0.58072746,0.5696053,0.011122167,0.29719207,509.0,25.0
Y2025_0139,92.752356,22.330187,0,0,h,forest,,0.5222651,0.41588518,0.1063799,0.48210117,0.41588518,0.06621599,0.49544656,0.43097124,0.06447533,0.5067482,0.50411105,0.002637148,0.56424314,0.575584,-0.011340857,0.26875466,243.0,16.0
Y2025_0140,92.708159,22.489997,0,0,h,forest,,0.5656919,0.45798573,0.10770616,0.54416096,0.45798573,0.08617523,0.5561505,0.49739635,0.058754146,0.56445223,0.52328676,0.04116547,0.6148771,0.5881143,0.026762784,0.21117663,368.0,19.0
Y2025_0141,92.651565,22.540662,1,0,h,forest,,0.5245995,0.099907674,0.42469183,0.2551723,0.099907674,0.15526465,0.38739574,0.15519324,0.2322025,0.42235065,0.26662287,0.15572777,0.58240426,0.58439535,-0.0019910932,0.61062723,414.0,19.0
Y2025_0142,92.582035,22.641453,0,0,h,forest,,0.57592326,0.3751519,0.20077136,0.4813871,0.3751519,0.106235206,0.53998417,0.39665785,0.14332631,0.53737086,0.5100452,0.02732569,0.6052335,0.6387621,-0.033528626,0.34920147,273.0,21.0
Y2025_0143,93.231787,23.194725,0,0,h,forest,,0.6446797,0.5608493,0.083830416,0.600314,0.5608493,0.039464712,0.62036395,0.56751084,0.052853107,0.6082347,0.6072077,0.001026988,0.6665151,0.6292967,0.037218392,0.14201081,904.0,9.0
Y2025_0145,93.188937,23.99755,0,0,h,forest,,0.54494107,0.4647289,0.080212176,0.46447983,0.4647289,-0.000249058,0.5042364,0.5006635,0.0035728812,0.54320323,0.53648084,0.0067223907,0.60933864,0.60913163,0.00020700693,0.22526109,827.0,28.0
Y2025_0148,92.774993,23.640469,0,0,h,forest,,0.5356752,0.40269724,0.13297799,0.50461656,0.40269724,0.10191932,0.521925,0.406617,0.11530799,0.5255029,0.4720864,0.05341652,0.6086278,0.5863011,0.022326708,0.26989174,449.0,24.0
Y2025_0149,92.282896,23.833966,0,0,h,forest,,0.5847348,0.39238918,0.19234562,0.50958073,0.39238918,0.11719155,0.5534343,0.4328387,0.120595604,0.5555113,0.4697647,0.08574659,0.60743266,0.5954801,0.011952579,0.3175859,250.0,15.0
Y2025_0150,92.895457,23.226526,0,0,h,forest,,0.70361036,0.65825206,0.0453583,0.6663207,0.65825206,0.008068621,0.6768317,0.6655537,0.011278033,0.6767221,0.6911108,-0.01438868,0.72141856,0.71366733,0.0077512264,0.08654046,1007.0,18.0
Y2025_0151,92.79278,23.437809,0,0,h,forest,,0.6382188,0.5397702,0.098448634,0.5764652,0.5397702,0.036695004,0.6226202,0.5587767,0.06384355,0.6268158,0.60318804,0.023627758,0.664005,0.67745423,-0.013449252,0.16631484,1025.0,11.0
Y2025_0152,93.38971,23.789769,0,0,h,forest,,0.6261572,0.48081204,0.14534518,0.59842336,0.48081204,0.11761132,0.6073712,0.5591964,0.0481748,0.60862875,0.57689077,0.031737983,0.6470179,0.6618779,-0.014859974,0.21896866,1311.0,31.0
Y2025_0154,93.143392,23.518388,0,0,h,forest,,0.5645429,0.41062787,0.15391502,0.4441388,0.41062787,0.033510923,0.47015867,0.4446337,0.025524974,0.5106809,0.5275497,-0.01686877,0.6125468,0.60747695,0.005069852,0.30824056,1107.0,33.0
Y2025_0155,93.191093,22.312939,0,0,h,forest,,0.5084304,0.13709581,0.3713346,0.11846579,0.13709581,-0.01863002,0.20467582,0.17493394,0.029741883,0.25858906,0.18949182,0.069097236,0.5408783,0.35504812,0.18583018,0.49862382,491.0,29.0
Y2025_0156,93.368151,23.886248,0,0,h,forest,,0.45672414,0.30397156,0.15275258,0.22354656,0.30397156,-0.080424994,0.34872437,0.4035043,-0.054779947,0.40455773,0.41716352,-0.012605786,0.5758424,0.6125692,-0.036726832,0.4026564,784.0,23.0
Y2025_0157,92.81919,22.364143,0,0,h,forest,,0.5732376,0.46640337,0.10683423,0.52773994,0.46640337,0.061336577,0.5385055,0.49041143,0.048094064,0.54962444,0.53601366,0.01361078,0.60294485,0.59022903,0.0127158165,0.24674398,339.0,23.0
Y2025_0158,92.556703,22.868637,0,0,h,forest,,0.54521585,0.46507588,0.080139965,0.4917107,0.46507588,0.026634812,0.51176983,0.49502593,0.016743898,0.5091134,0.51668715,-0.0075737834,0.57067084,0.594519,-0.023848176,0.21560943,134.0,25.0
Y2025_0159,92.645636,23.871426,0,0,h,forest,,0.4732962,0.24787013,0.22542606,0.42380053,0.24787013,0.1759304,0.4363279,0.2849062,0.1514217,0.4485513,0.3374608,0.11109051,0.5810587,0.5603091,0.020749569,0.39935398,189.0,14.0
Y2025_0162,92.875515,22.844921,0,0,h,forest,,0.5826059,0.5136586,0.068947315,0.53393686,0.5136586,0.020278275,0.5647561,0.5394113,0.025344789,0.5713263,0.5540547,0.017271638,0.6325201,0.63655365,-0.0040335655,0.171588,404.0,10.0
Y2025_0164,92.759093,22.688884,0,0,h,forest,,0.7256826,0.659658,0.0660246,0.6751758,0.659658,0.015517771,0.712067,0.6670614,0.04500562,0.67465776,0.68579775,-0.011139989,0.7006626,0.7330283,-0.03236568,0.08621836,389.0,28.0
Y2025_0166,93.130457,23.247546,0,0,h,forest,,0.64205915,0.4905513,0.15150785,0.5782509,0.4905513,0.08769959,0.6239804,0.5387064,0.08527398,0.57879084,0.5686762,0.01011467,0.6255006,0.635238,-0.009737372,0.21936303,1124.0,9.0
Y2025_0167,93.011879,23.830193,0,0,h,forest,,0.62154305,0.54581094,0.07573211,0.56289166,0.54581094,0.017080724,0.57250625,0.5590466,0.013459623,0.57250625,0.5837528,-0.011246562,0.6557126,0.6571961,-0.0014835,0.18304068,481.0,23.0
Y2025_0168,92.359972,23.782762,0,0,h,forest,,0.635433,0.45905772,0.1763753,0.60848767,0.45905772,0.14942995,0.617569,0.5162959,0.10127312,0.6295028,0.5187387,0.110764086,0.6758231,0.64118266,0.03464043,0.25126493,744.0,20.0
Y2025_0169,93.0647,24.087022,0,0,h,forest,,0.5914075,0.55761456,0.033792913,0.55137116,0.55761456,-0.0062434077,0.57428676,0.56178254,0.01250422,0.57464224,0.562335,0.012307227,0.6267483,0.6035759,0.023172438,0.124210656,598.0,25.0
Y2025_0170,92.898961,22.764073,0,0,h,forest,,0.60362816,0.43819502,0.16543314,0.5190776,0.43819502,0.08088258,0.54123586,0.47671103,0.06452483,0.54123586,0.48192516,0.059310704,0.59248555,0.5875987,0.0048868656,0.23886529,822.0,35.0
Y2025_0172,92.788468,23.176939,0,0,h,forest,,0.5634495,0.45353907,0.10991043,0.46823683,0.45353907,0.01469776,0.4878813,0.47311726,0.014764041,0.48955005,0.4958088,-0.006258756,0.6199162,0.5711385,0.0487777,0.25541985,874.0,17.0
Y2025_0173,92.416565,23.296325,0,0,h,forest,,0.5113397,0.2306036,0.28073612,0.4472419,0.2306036,0.2166383,0.48239955,0.24280477,0.23959479,0.4781202,0.48986232,-0.011742115,0.55424017,0.6203798,-0.06613964,0.50190645,158.0,17.0
Y2025_0174,92.936959,23.093934,0,0,h,forest,,0.67824334,0.60926485,0.06897849,0.6282959,0.60926485,0.019031048,0.6497285,0.6241128,0.025615692,0.65680724,0.6392052,0.017602026,0.68246305,0.6801359,0.0023271441,0.15062869,881.0,15.0
Y2025_0178,93.182469,23.548302,0,0,h,forest,,0.6606208,0.5606289,0.09999192,0.5802084,0.5606289,0.01957953,0.594349,0.59385806,0.00049096346,0.59382266,0.59385806,-3.540516e-05,0.68031245,0.66356194,0.016750515,0.18088537,1148.0,37.0
Y2025_0179,92.416565,23.093126,0,0,h,forest,,0.6430555,0.55934733,0.08370817,0.61355966,0.55934733,0.05421233,0.62190235,0.5725557,0.049346626,0.6356755,0.6188631,0.016812384,0.68064404,0.6851713,-0.004527271,0.19192952,352.0,24.0
Y2025_0180,93.119407,23.997819,0,0,h,forest,,0.58108634,0.47564074,0.10544559,0.55647737,0.47564074,0.080836624,0.56029767,0.5197026,0.040595055,0.56579274,0.5470502,0.018742561,0.6475524,0.6314959,0.016056478,0.23801431,998.0,23.0
Y2025_0181,93.348208,23.558543,0,0,h,forest,,0.58615077,0.53195524,0.054195523,0.5474907,0.53195524,0.015535474,0.5774209,0.5541521,0.023268819,0.5964809,0.57972264,0.016758263,0.63330317,0.6679675,-0.034664333,0.17627382,1454.0,22.0
Y2025_0182,92.599013,22.239367,0,0,h,forest,,0.3004815,0.38310993,-0.08262843,0.21306965,0.38310993,-0.17004028,0.25385708,0.4215222,-0.16766512,0.24755597,0.43903825,-0.19148228,0.35264903,0.50053346,-0.14788443,0.19796321,166.0,12.0
Y2025_0183,93.295118,23.483354,0,0,h,forest,,0.4844438,0.42862722,0.05581659,0.4187873,0.42862722,-0.009839922,0.4659879,0.4518791,0.014108777,0.48136365,0.5020618,-0.02069813,0.6036987,0.5768415,0.026857197,0.2539836,1146.0,35.0
Y2025_0185,93.148782,22.372228,0,0,h,forest,,0.53291625,0.34659994,0.18631631,0.45923424,0.34659994,0.1126343,0.49367842,0.38672438,0.10695404,0.5080347,0.45961425,0.04842046,0.5871753,0.5368806,0.050294697,0.308972,900.0,29.0
Y2025_0186,92.539455,22.613695,0,0,h,forest,,0.40274101,0.07556939,0.32717162,0.15729322,0.07556939,0.081723824,0.28814223,0.1673822,0.12076004,0.21836287,0.20391557,0.014447302,0.34407124,0.45758072,-0.113509476,0.5955808,76.0,4.0
Y2025_0188,92.546192,23.280694,0,0,h,forest,,0.6714913,0.5925742,0.078917146,0.6445097,0.5925742,0.051935494,0.6516083,0.6116241,0.039984167,0.6516083,0.6374431,0.014165163,0.7115143,0.67063224,0.04088205,0.143179,889.0,26.0
Y2025_0189,92.699265,22.93116,0,0,h,forest,,0.60685,0.5478921,0.058957934,0.57733715,0.5478921,0.029445052,0.59502995,0.5755717,0.019458234,0.59598684,0.6001837,-0.0041968822,0.6563983,0.6695582,-0.013159931,0.168248,465.0,32.0
Y2025_0190,92.299066,23.702723,0,0,h,forest,,0.59854877,0.28595066,0.3125981,0.4616349,0.28595066,0.17568424,0.49648368,0.33888757,0.15759611,0.49931586,0.3557894,0.14352646,0.5960049,0.5787405,0.017264426,0.39077488,111.0,9.0
Y2025_0191,93.177349,24.052796,0,0,h,forest,,0.671521,0.57388806,0.097632945,0.6157956,0.57388806,0.04190755,0.6439222,0.5947703,0.049151897,0.64971524,0.65881354,-0.009098291,0.7864267,0.77509415,0.0113325715,0.3041162,462.0,47.0
Y2025_0192,92.6327,23.68278,0,0,h,forest,,0.644084,0.5299849,0.114099085,0.59601736,0.5299849,0.06603247,0.6312477,0.55204785,0.07919985,0.6426669,0.57240635,0.070260525,0.6955393,0.64022267,0.055316627,0.21698415,969.0,41.0
Y2025_0193,93.039906,22.963229,0,0,h,forest,,0.5864233,0.452049,0.13437429,0.5301328,0.452049,0.07808378,0.5607671,0.501479,0.059288085,0.581794,0.54141015,0.040383875,0.59661245,0.6139607,-0.01734823,0.22851193,517.0,17.0
Y2025_0194,92.910549,23.559621,0,0,h,forest,,0.62377465,0.44434604,0.1794286,0.52698106,0.44434604,0.082635015,0.55110663,0.47987017,0.07123646,0.55319697,0.52881956,0.024377406,0.67265874,0.7435197,-0.07086098,0.38480988,640.0,55.0
Y2025_0195,92.512236,23.584145,0,0,h,forest,,0.51260036,0.45662403,0.05597633,0.47501773,0.45662403,0.018393695,0.48386353,0.50557804,-0.021714509,0.48404613,0.5157013,-0.031655163,0.5766739,0.5943447,-0.01767075,0.22686723,142.0,30.0
Y2025_0196,92.525172,23.977607,0,0,h,forest,,0.56185025,0.48802835,0.0738219,0.54584426,0.48802835,0.05781591,0.5574704,0.5177918,0.039678574,0.5574704,0.5326089,0.024861455,0.59580827,0.6076025,-0.0117942095,0.19215721,85.0,30.0
Y2025_0197,93.254424,23.515154,0,0,h,forest,,0.6333897,0.51729965,0.11609006,0.57724524,0.51729965,0.059945583,0.6154289,0.51902777,0.096401155,0.6492866,0.62658715,0.022699475,0.70372874,0.6986033,0.005125463,0.20848078,1318.0,25.0
Y2025_0198,92.817034,23.697333,0,0,h,forest,,0.58667094,0.5692463,0.017424643,0.55029255,0.5692463,-0.01895374,0.57127166,0.57609403,-0.0048223734,0.5820498,0.58791864,-0.005868852,0.6403074,0.6425386,-0.0022311807,0.12321353,508.0,25.0
Y2025_0200,93.357371,23.138401,0,0,h,forest,,0.6396462,0.45578602,0.18386015,0.583504,0.45578602,0.127718,0.6243556,0.5025279,0.12182772,0.6243556,0.5566045,0.06775111,0.65228903,0.6407346,0.01155442,0.29252383,821.0,26.0
Y2025_0201,92.668812,22.318059,1,0,h,forest,,0.43167847,0.0688141,0.36286438,0.033703562,0.0688141,-0.035110537,0.15197109,0.1032294,0.048741683,0.15197109,0.42040005,-0.26842898,0.50204533,0.6437345,-0.14168918,0.61270744,139.0,12.0
Y2025_0208,93.008645,23.117111,0,0,h,forest,,0.5687337,0.47756678,0.09116691,0.53843075,0.47756678,0.06086397,0.5510553,0.51093435,0.04012096,0.56854564,0.52918065,0.039364994,0.6266298,0.5945332,0.032096624,0.20182574,753.0,17.0
Y2025_0209,92.760171,22.122945,1,0,h,forest,,0.43175566,0.018846363,0.4129093,0.32925016,0.018846363,0.3104038,0.3600495,0.20853421,0.15151528,0.3600495,0.2564931,0.103556395,0.5065691,0.41053337,0.09603572,0.6336256,70.0,17.0
Y2025_0211,92.323051,23.709729,0,0,h,forest,,0.51829773,0.372694,0.14560375,0.43712294,0.372694,0.064428955,0.4849749,0.4504836,0.0344913,0.49657646,0.46110365,0.03547281,0.5636645,0.56734806,-0.003683567,0.28682342,194.0,4.0
Y2025_0220,92.608715,23.300098,0,0,h,forest,,0.6134529,0.557102,0.056350887,0.57605624,0.557102,0.018954217,0.5887847,0.566273,0.02251172,0.5887847,0.5702044,0.018580317,0.70275,0.65387225,0.048877776,0.21157616,696.0,29.0
Y2025_0221,92.801134,24.333609,0,0,h,forest,,0.6291088,0.5746439,0.054464877,0.5611527,0.5746439,-0.013491213,0.5948802,0.594717,0.00016319752,0.5948802,0.604591,-0.009710789,0.6601267,0.66886497,-0.008738279,0.12657696,320.0,23.0
Y2025_0222,92.796553,23.535905,0,0,h,forest,,0.39470223,0.33255535,0.062146872,0.10664435,0.33255535,-0.225911,0.32565382,0.3829135,-0.05725968,0.20901409,0.40574622,-0.19673213,0.35398412,0.4899159,-0.13593179,0.27970204,261.0,5.0
Y2025_0224,93.006489,23.69868,0,0,h,forest,,0.59101075,0.531705,0.059305727,0.5676913,0.531705,0.035986304,0.587357,0.53957605,0.04778093,0.58939254,0.5905897,-0.0011971593,0.6657189,0.6558377,0.009881198,0.1585275,855.0,21.0
Y2025_0227,92.352426,23.448589,0,0,h,forest,,0.5522756,0.46740237,0.08487323,0.51236945,0.46740237,0.044967085,0.5360759,0.49154213,0.04453376,0.5300558,0.5062487,0.023807108,0.5616156,0.582501,-0.020885408,0.20966223,117.0,12.0
Y2025_0230,92.826467,23.545338,0,0,h,forest,,0.53256756,0.44926873,0.08329883,0.50820893,0.44926873,0.058940202,0.52388394,0.4765483,0.047335625,0.52481,0.4919747,0.032835305,0.5634663,0.5308033,0.032662988,0.16925153,469.0,6.0
Y2025_0231,92.830779,23.675773,0,0,h,forest,,0.5864651,0.4921051,0.094360024,0.51719296,0.4921051,0.025087863,0.54794383,0.5050118,0.042932034,0.5493729,0.527553,0.02181989,0.6116026,0.6018514,0.009751201,0.17452249,494.0,17.0
Y2025_0236,92.583113,23.5545,0,0,h,forest,,0.60244954,0.39476094,0.2076886,0.548575,0.39476094,0.15381405,0.56483054,0.43635488,0.12847567,0.60244954,0.44209838,0.16035116,0.6455045,0.58135575,0.064148724,0.26418856,678.0,27.0
Y2025_0237,92.762596,24.266775,0,0,h,forest,,0.584808,0.5449564,0.039851606,0.53685904,0.5449564,-0.008097351,0.56596726,0.54823107,0.017736197,0.5764483,0.582768,-0.0063197017,0.62072706,0.63114834,-0.010421276,0.14733815,126.0,23.0
Y2025_0238,92.938307,22.879956,0,0,h,forest,,0.584105,0.45388246,0.13022256,0.52654827,0.45388246,0.07266581,0.55952346,0.49269015,0.06683332,0.5717234,0.53283226,0.038891137,0.6332627,0.6133141,0.019948602,0.22603312,345.0,38.0
Y2025_0239,93.189745,23.520544,0,0,h,forest,,0.5871585,0.38322788,0.20393062,0.4645898,0.38322788,0.08136192,0.4727719,0.49135906,-0.018587142,0.50157803,0.50096214,0.0006158948,0.59975386,0.5956869,0.004066944,0.28508016,1161.0,19.0
Y2025_0240,92.770412,22.305124,0,0,h,forest,,0.64823884,0.5441411,0.104097724,0.62528026,0.5441411,0.08113915,0.6338587,0.58989716,0.043961525,0.6248538,0.59474516,0.03010863,0.658974,0.6723171,-0.013343096,0.1795128,254.0,18.0
Y2025_0243,92.437316,23.62915,0,0,h,forest,,0.6597601,0.59263605,0.06712407,0.59341234,0.59263605,0.0007762909,0.6524612,0.59853035,0.05393082,0.65420884,0.6084859,0.04572296,0.7058503,0.6893006,0.016549706,0.1456424,852.0,15.0
Y2025_0244,92.953938,22.681608,0,0,h,forest,,0.5938278,0.3684148,0.225413,0.54062134,0.3684148,0.17220655,0.5467232,0.41746593,0.12925726,0.56011117,0.4678793,0.09223187,0.6077538,0.61596584,-0.00821203,0.3055502,865.0,35.0
Y2025_0245,93.143662,23.689517,0,0,h,forest,,0.6791512,0.60660243,0.07254875,0.6552206,0.60660243,0.048618197,0.6592709,0.6310875,0.0281834,0.65754914,0.6492342,0.008314967,0.682626,0.66861904,0.014006972,0.08315617,1387.0,19.0
Y2025_0248,92.349461,23.838009,0,0,h,forest,,0.5797756,0.50480276,0.07497281,0.54451567,0.50480276,0.039712906,0.57442224,0.53812706,0.036295176,0.57628125,0.5568983,0.019382954,0.6188303,0.5943335,0.024496794,0.14076918,200.0,10.0
Y2025_0249,92.566943,24.09888,0,0,h,forest,,0.56818134,0.5230874,0.045093954,0.54809034,0.5230874,0.025002956,0.5562836,0.5324839,0.023799717,0.54917824,0.5432892,0.005889058,0.5693174,0.57559156,-0.0062741637,0.14308673,206.0,10.0
Y2025_0251,93.005411,22.604802,0,0,h,forest,,0.6629818,0.5605805,0.102401316,0.62450236,0.5605805,0.06392187,0.63319695,0.5735119,0.05968505,0.6397151,0.6032852,0.036429882,0.66557,0.66715395,-0.0015839338,0.12740916,851.0,25.0
Y2025_0256,93.383512,23.851753,0,0,h,forest,,0.5615652,0.47641394,0.085151285,0.49613628,0.47641394,0.019722342,0.51257604,0.53046566,-0.017889619,0.5596119,0.54407364,0.015538275,0.61736125,0.62529033,-0.007929087,0.2259624,781.0,20.0
Y2025_0257,93.166299,22.36549,0,0,h,forest,,0.59659684,0.3879027,0.20869413,0.51227933,0.3879027,0.124376625,0.5489592,0.44033128,0.108627915,0.5489592,0.48924413,0.059715062,0.6365024,0.59946036,0.03704202,0.32547078,795.0,25.0
Y2025_0259,92.68067,24.123943,0,0,h,forest,,0.6192706,0.5298276,0.08944303,0.5951302,0.5298276,0.06530261,0.6010165,0.56359345,0.037423074,0.59884644,0.57798696,0.02085948,0.63035834,0.6109976,0.019360721,0.15912932,455.0,26.0
Y2025_0260,92.92052,22.948677,0,0,h,forest,,0.5892787,0.46181104,0.12746766,0.539584,0.46181104,0.077772945,0.57127815,0.4792594,0.09201875,0.57789415,0.5168716,0.06102258,0.6450774,0.59636396,0.048713446,0.220629,525.0,12.0
Y2025_0265,92.663961,23.623222,0,0,h,forest,,0.577403,0.5296302,0.047772825,0.5627029,0.5296302,0.03307271,0.5718792,0.5434829,0.028396308,0.57056105,0.54548067,0.025080383,0.5915585,0.58332783,0.008230686,0.12999737,413.0,11.0
Y2025_0266,92.509811,23.507878,0,0,h,forest,,0.64526784,0.5566588,0.08860904,0.62278736,0.5566588,0.06612855,0.63479024,0.5974147,0.03737557,0.64526784,0.6417058,0.0035620332,0.69053936,0.68082976,0.009709597,0.18459022,764.0,34.0
Y2025_0269,92.39824,22.960265,0,0,h,forest,,0.6128078,0.52003706,0.092770755,0.5437579,0.52003706,0.02372086,0.5536235,0.5460948,0.0075287223,0.5437579,0.5529768,-0.009218872,0.5874371,0.6388077,-0.05137062,0.19273114,61.0,4.0
Y2025_0270,92.817304,23.064829,0,0,h,forest,,0.60316837,0.5395244,0.06364399,0.5349516,0.5395244,-0.004572749,0.5525905,0.5480038,0.0045866966,0.58377844,0.5593233,0.02445513,0.6146735,0.6025344,0.012139082,0.122991264,661.0,21.0
Y2025_0271,93.088954,22.982363,0,0,h,forest,,0.5572409,0.32040253,0.23683837,0.40408346,0.32040253,0.08368093,0.44292742,0.33338287,0.109544545,0.44292742,0.34032857,0.102598846,0.59633493,0.42997038,0.16636455,0.34325007,980.0,22.0
Y2025_0273,92.86177,22.508053,1,0,h,forest,,0.49417874,0.10740771,0.38677102,0.40542495,0.10740771,0.29801723,0.4228675,0.112232186,0.31063533,0.44490096,0.41574314,0.029157817,0.53859097,0.51590115,0.02268982,0.5582903,431.0,13.0
Y2025_0274,93.168186,22.382738,0,0,h,forest,,0.6394394,0.60307795,0.036361456,0.6134934,0.60307795,0.010415435,0.6293923,0.6158278,0.013564527,0.62957376,0.64243126,-0.012857497,0.67024016,0.6837997,-0.01355952,0.14759064,937.0,28.0
Y2025_0276,92.636742,22.298117,0,0,h,forest,,0.5669187,0.2870763,0.27984238,0.3774991,0.2870763,0.09042281,0.43427372,0.3628593,0.07141441,0.38956904,0.42400435,-0.034435302,0.5361042,0.52632654,0.009777665,0.41426647,115.0,3.0
Y2025_0277,92.60629,24.075973,0,0,h,forest,,0.5738413,0.44808593,0.12575534,0.5143639,0.44808593,0.06627795,0.5378098,0.48069635,0.05711344,0.54521173,0.4828295,0.06238222,0.6078314,0.5610441,0.04678732,0.20561925,99.0,4.0
Y2025_0278,92.960944,22.847347,0,0,h,forest,,0.57563514,0.47575983,0.0998753,0.5363222,0.47575983,0.060562342,0.5525819,0.48624295,0.06633896,0.5733582,0.5552053,0.018152893,0.68029195,0.63566,0.044631958,0.27353022,918.0,19.0
Y2025_0279,92.780114,22.678104,0,0,h,forest,,0.5515621,0.4730572,0.07850486,0.5286418,0.4730572,0.05558461,0.5424233,0.49299544,0.049427867,0.5462606,0.5317191,0.014541507,0.5971929,0.5998207,-0.00262779,0.20586962,286.0,14.0
Y2025_0282,92.57934,23.083424,0,0,h,forest,,0.5787021,0.48912257,0.08957952,0.51913303,0.48912257,0.030010462,0.544278,0.5175166,0.026761413,0.5405466,0.53184825,0.008698344,0.61412126,0.59313667,0.02098459,0.22384715,110.0,8.0
Y2025_0284,92.92618,23.523509,0,0,h,forest,,0.6267348,0.52461326,0.10212153,0.58285964,0.52461326,0.058246374,0.6060114,0.5597006,0.046310782,0.6151283,0.56715417,0.04797411,0.6599804,0.6359558,0.024024606,0.16137141,1037.0,8.0
Y2025_0285,92.917286,23.708112,0,0,h,forest,,0.58747745,0.54515684,0.04232061,0.55829036,0.54515684,0.013133526,0.57165504,0.55842066,0.013234377,0.5809874,0.564048,0.016939402,0.64449394,0.6109175,0.03357643,0.14911455,505.0,27.0
Y2025_0287,92.682557,24.161672,0,0,h,forest,,0.62756974,0.55787605,0.069693685,0.5667845,0.55787605,0.008908451,0.5874311,0.56903625,0.018394828,0.57458776,0.591409,-0.016821265,0.63317686,0.61809146,0.015085399,0.12473798,420.0,29.0
Y2025_0288,92.573142,23.606513,0,0,h,forest,,0.5836897,0.5294564,0.054233313,0.5448721,0.5294564,0.015415728,0.5595958,0.55202746,0.0075683594,0.57951593,0.57172006,0.0077958703,0.6766881,0.63813514,0.03855294,0.19761854,376.0,28.0
Y2025_0289,93.135307,23.934218,0,0,h,forest,,0.6200888,0.35524812,0.2648407,0.51173747,0.35524812,0.15648934,0.5160578,0.42223436,0.09382343,0.5996477,0.44707158,0.15257612,0.62427855,0.61622095,0.008057594,0.31183475,1201.0,42.0
Y2025_0292,93.246878,23.60786,0,0,h,forest,,0.5661754,0.4554222,0.11075321,0.4799753,0.4554222,0.02455312,0.5130176,0.49235028,0.020667315,0.55093646,0.53941905,0.0115174055,0.6129383,0.61394614,-0.0010078549,0.2050448,1012.0,22.0
Y2025_0293,93.066586,23.853639,0,0,h,forest,,0.5656643,0.4259823,0.139682,0.50756603,0.4259823,0.08158374,0.54122263,0.43397745,0.10724518,0.52841336,0.4704018,0.05801156,0.5836859,0.59415203,-0.010466158,0.24211022,749.0,30.0
Y2025_0294,93.086798,22.297039,0,0,h,forest,,0.69008636,0.6473795,0.042706847,0.6775778,0.6473795,0.030198276,0.6837526,0.6636079,0.020144701,0.6799416,0.663609,0.016332567,0.7048093,0.7062362,-0.0014268756,0.09838265,1202.0,30.0
Y2025_0295,92.870933,22.762186,0,0,h,forest,,0.6425898,0.5432073,0.09938252,0.5687538,0.5432073,0.025546491,0.59831583,0.5586973,0.03961855,0.5974708,0.5748773,0.022593498,0.6425898,0.6335655,0.009024322,0.18353975,551.0,39.0
Y2025_0296,92.468039,24.064923,0,0,h,forest,,0.571434,0.50406986,0.067364156,0.54353,0.50406986,0.039460123,0.5643452,0.5081357,0.056209505,0.5637256,0.52307487,0.040650725,0.58260155,0.577113,0.0054885745,0.13813367,93.0,4.0
Y2025_0297,92.805985,24.088639,0,0,h,forest,,0.6297876,0.5221139,0.107673705,0.5864876,0.5221139,0.06437367,0.60974205,0.53347087,0.07627118,0.60843366,0.55470866,0.053725004,0.66524726,0.6665543,-0.0013070107,0.2132504,601.0,24.0
Y2025_0300,92.635125,23.203619,0,0,h,forest,,0.5014154,0.4444949,0.05692047,0.47652626,0.4444949,0.032031357,0.4927491,0.48308128,0.009667814,0.49408847,0.5551777,-0.061089218,0.5357689,0.61340934,-0.077640414,0.23925173,477.0,12.0
Y2025_0303,92.943697,23.216824,0,0,h,forest,,0.5632593,0.5440262,0.019233108,0.5297893,0.5440262,-0.014236867,0.5471881,0.5589399,-0.011751771,0.5552277,0.5746499,-0.019422174,0.5961372,0.6152558,-0.019118547,0.14036691,448.0,24.0
Y2025_0308,92.493102,24.032314,0,0,h,forest,,0.55688596,0.49448904,0.062396914,0.52934504,0.49448904,0.03485599,0.54725885,0.5115083,0.035750568,0.54784405,0.53860056,0.009243488,0.5914794,0.59411675,-0.0026373267,0.16578779,426.0,19.0
Y2025_0309,92.957172,23.205505,0,0,h,forest,,0.5182898,0.41108856,0.10720125,0.46586865,0.41108856,0.054780096,0.48949552,0.43440855,0.05508697,0.4895238,0.44682255,0.042701244,0.57937104,0.5285939,0.050777137,0.25835332,477.0,16.0
Y2025_0310,92.649409,22.234247,0,0,h,forest,,0.552778,0.49079245,0.061985552,0.527013,0.49079245,0.03622055,0.53650886,0.50249696,0.0340119,0.53650886,0.5120653,0.024443567,0.552778,0.5643285,-0.011550486,0.188223,156.0,11.0
Y2025_0312,92.72864,22.278983,0,0,h,forest,,0.55830216,0.49916202,0.059140146,0.23102857,0.49916202,-0.26813346,0.54863036,0.5228931,0.025737286,0.5572439,0.53431386,0.022930026,0.6184165,0.586766,0.031650484,0.15214366,448.0,14.0
Y2025_0313,92.782539,23.440235,0,0,h,forest,,0.63971615,0.46167442,0.17804173,0.5606789,0.46167442,0.09900448,0.6026392,0.48481804,0.11782116,0.60737395,0.52485585,0.0825181,0.6507256,0.6257431,0.024982512,0.19322535,1215.0,15.0
Y2025_0314,92.94747,23.829924,0,0,h,forest,,0.6806149,0.502378,0.1782369,0.6154202,0.502378,0.113042235,0.65017253,0.57331365,0.07685888,0.66822565,0.5996646,0.06856102,0.70660466,0.69202584,0.014578819,0.25607282,1279.0,34.0
Y2025_0319,92.317661,23.799471,0,0,h,forest,,0.6602533,0.45095694,0.20929635,0.589364,0.45095694,0.13840705,0.60323465,0.502639,0.10059565,0.5935295,0.52065533,0.07287419,0.6532089,0.61629087,0.036918044,0.2879905,160.0,17.0
Y2025_0322,93.216695,23.63454,0,0,h,forest,,0.64530843,0.50664574,0.1386627,0.5794876,0.50664574,0.07284188,0.61415523,0.5426069,0.07154834,0.6137979,0.58869016,0.025107741,0.66633785,0.67315173,-0.006813884,0.16818964,1458.0,12.0
Y2025_0323,92.741576,23.90646,0,0,h,forest,,0.59704906,0.47443578,0.12261328,0.4711659,0.47443578,-0.003269881,0.487294,0.48148584,0.005808145,0.50636697,0.48872206,0.017644912,0.56534606,0.57671785,-0.011371791,0.16627106,898.0,25.0
Y2025_0325,92.355121,23.235688,0,0,h,forest,,0.58823717,0.44221547,0.1460217,0.5413676,0.44221547,0.09915212,0.5559065,0.45841765,0.09748882,0.5559065,0.5343175,0.021588981,0.603654,0.58940595,0.014248073,0.22231764,225.0,25.0
Y2025_0326,92.665578,24.271087,0,0,h,forest,,0.6082982,0.5602198,0.04807836,0.5688156,0.5602198,0.008595765,0.57569104,0.5657889,0.00990212,0.57924205,0.5847305,-0.0054884553,0.6467711,0.6325947,0.014176369,0.15545762,132.0,17.0
Y2025_0327,92.41414,22.972123,0,0,h,forest,,0.59835505,0.40917683,0.18917823,0.4570394,0.40917683,0.04786256,0.50884694,0.47713917,0.031707764,0.46341527,0.5119656,-0.048550308,0.56316406,0.62430507,-0.061141014,0.30412668,75.0,6.0
Y2025_0328,92.714896,22.747903,0,0,h,forest,,0.56202286,0.45245412,0.109568745,0.5202802,0.45245412,0.06782606,0.5418983,0.4768097,0.0650886,0.55540115,0.52242726,0.032973886,0.6266364,0.6074046,0.019231796,0.23942673,428.0,23.0
Y2025_0329,92.995709,24.315553,0,0,h,forest,,0.58218443,0.46078917,0.12139526,0.5552031,0.46078917,0.09441391,0.5689293,0.48808149,0.08084783,0.56871027,0.5295351,0.039175153,0.6072803,0.5991676,0.008112729,0.18734375,531.0,39.0
Y2025_0330,93.045296,22.416425,0,0,h,forest,,0.57230496,0.5433612,0.028943777,0.53501517,0.5433612,-0.008346021,0.5585725,0.5508252,0.0077472925,0.56443024,0.5722123,-0.007782042,0.6560707,0.66101116,-0.00494045,0.18738145,1260.0,32.0
Y2025_0332,93.237176,23.444008,0,0,h,forest,,0.6761901,0.5421916,0.13399845,0.61664444,0.5421916,0.07445282,0.6644342,0.5554701,0.108964086,0.6675091,0.5930646,0.07444447,0.67823803,0.6631166,0.01512146,0.13850135,1407.0,45.0
Y2025_0336,92.722711,22.511017,0,0,h,forest,,0.5628431,0.48604706,0.076796025,0.5410581,0.48604706,0.055011064,0.5543633,0.5037849,0.050578415,0.55664736,0.5591191,-0.002471745,0.6015731,0.5942735,0.007299602,0.21596178,448.0,22.0
Y2025_0337,92.723789,24.13068,0,0,h,forest,,0.6019933,0.5369334,0.0650599,0.5527199,0.5369334,0.015786469,0.56465054,0.5393275,0.025323033,0.5749712,0.5593086,0.01566261,0.6613411,0.6229443,0.038396776,0.16834319,126.0,9.0
Y2025_0338,92.783348,22.694813,0,0,h,forest,,0.64637655,0.42824918,0.21812737,0.57254636,0.42824918,0.14429718,0.59634936,0.50407124,0.09227812,0.6104741,0.51581144,0.09466267,0.65127975,0.6589703,-0.007690549,0.26120344,332.0,33.0
Y2025_0339,92.517895,23.928559,0,0,h,forest,,0.5975285,0.4870975,0.110431015,0.5386319,0.4870975,0.051534414,0.560877,0.51519877,0.045678258,0.5559809,0.5241246,0.0318563,0.59286386,0.57538307,0.01748079,0.1603725,93.0,13.0
Y2025_0341,93.005142,24.035548,0,0,h,forest,,0.58728707,0.57601964,0.011267424,0.57425416,0.57601964,-0.0017654896,0.5804431,0.5897552,-0.009312093,0.58339804,0.5913157,-0.007917643,0.6254995,0.62805164,-0.0025521517,0.13874799,472.0,25.0
Y2025_0343,92.84075,23.842321,0,0,h,forest,,0.58339006,0.54261655,0.04077351,0.54451364,0.54261655,0.0018970966,0.56324726,0.5524601,0.010787189,0.568902,0.5694203,-0.0005182624,0.62634486,0.61364096,0.012703896,0.14061427,275.0,28.0
Y2025_0346,92.69684,22.691309,1,0,h,forest,,0.48945135,0.0635398,0.42591155,0.36648,0.0635398,0.3029402,0.3884176,0.09591754,0.29250008,0.40800962,0.29925415,0.10875547,0.51215726,0.44638285,0.06577441,0.61487347,323.0,3.0
Y2025_0347,92.946931,22.299195,0,0,h,forest,,0.6236683,0.59730417,0.026364148,0.6035426,0.59730417,0.0062384605,0.61694676,0.61670893,0.00023782253,0.6175178,0.6407073,-0.023189485,0.6495783,0.6873755,-0.037797213,0.099507034,776.0,30.0
Y2025_0349,92.94208,22.304046,0,0,h,forest,,0.45667806,0.39180186,0.0648762,0.40187773,0.39180186,0.010075867,0.42141494,0.4352204,-0.013805449,0.42190582,0.45390356,-0.03199774,0.5305104,0.56605154,-0.035541117,0.31104806,836.0,36.0
Y2025_0350,93.060388,23.412207,0,0,h,forest,,0.6036647,0.52731574,0.07634896,0.457319,0.52731574,-0.069996744,0.4849918,0.5494857,-0.064493895,0.49096113,0.5554182,-0.06445706,0.63160515,0.66500825,-0.0334031,0.20872569,982.0,12.0
Y2025_0351,92.784156,23.932871,0,0,h,forest,,0.6857069,0.5966785,0.08902842,0.6383119,0.5966785,0.041633427,0.6707488,0.62205,0.048698783,0.657526,0.63697857,0.02054745,0.6847915,0.6879954,-0.0032038689,0.14130825,709.0,26.0
Y2025_0352,92.429771,22.978321,0,0,h,forest,,0.53260297,0.43275803,0.09984493,0.5084563,0.43275803,0.07569826,0.5250198,0.47619048,0.048829347,0.5265487,0.54261893,-0.016070247,0.5762727,0.60633194,-0.030059218,0.19727048,474.0,23.0
Y2025_0354,92.833204,23.410051,0,0,h,forest,,0.5445588,0.47122777,0.07333106,0.48892507,0.47122777,0.017697304,0.51692384,0.49052125,0.026402593,0.52095836,0.49509,0.025868356,0.57153994,0.6057066,-0.034166634,0.18938684,688.0,19.0
Y2025_0357,93.210766,23.61352,0,0,h,forest,,0.6431945,0.5980251,0.045169413,0.58729655,0.5980251,-0.010728538,0.6193565,0.6158229,0.0035336018,0.6431945,0.6245703,0.018624187,0.6763456,0.682666,-0.006320417,0.124749005,1031.0,15.0
Y2025_0359,92.879827,24.124751,0,0,h,forest,,0.61329067,0.5486684,0.06462228,0.5660615,0.5486684,0.017393112,0.5798333,0.5796124,0.00022095442,0.5815492,0.58620316,-0.0046539307,0.64219797,0.63985956,0.0023384094,0.1729666,138.0,7.0
Y2025_0360,93.288919,23.520275,0,0,h,forest,,0.6426144,0.49062744,0.15198699,0.5986729,0.49062744,0.10804549,0.61934936,0.5524295,0.06691986,0.6426144,0.618828,0.023786426,0.69332755,0.6749286,0.01839894,0.20382786,1289.0,25.0
Y2025_0362,92.929414,23.292282,0,0,h,forest,,0.61050195,0.576094,0.034407973,0.58769035,0.576094,0.011596382,0.6091625,0.59399265,0.015169859,0.61050195,0.6019851,0.008516848,0.65945214,0.63498527,0.024466872,0.13947558,777.0,32.0
Y2025_0363,93.103238,22.461161,0,0,h,forest,,0.5826612,0.41435316,0.16830805,0.44437045,0.41435316,0.030017287,0.47573963,0.48251984,-0.006780207,0.4759278,0.52686715,-0.05093935,0.63454187,0.6096532,0.024888694,0.2883293,1103.0,11.0
Y2025_0364,92.791432,22.428283,0,0,h,forest,,0.6540144,0.51397765,0.14003676,0.5986537,0.51397765,0.08467603,0.6211639,0.5718308,0.049333096,0.6129181,0.57459587,0.03832221,0.63946843,0.6290465,0.010421932,0.22312438,137.0,14.0
Y2025_0366,93.005411,22.434481,0,0,h,forest,,0.57744455,0.47330514,0.10413942,0.55086625,0.47330514,0.07756111,0.5564295,0.48673034,0.06969917,0.57385105,0.5445309,0.02932012,0.6177224,0.59662247,0.021099925,0.20251754,744.0,31.0
Y2025_0367,92.793319,23.877894,0,0,h,forest,,0.57649916,0.5001456,0.07635355,0.52088624,0.5001456,0.020740628,0.5385136,0.5413443,-0.0028306842,0.55076575,0.555841,-0.005075276,0.6213887,0.614403,0.0069856644,0.14628673,242.0,9.0
Y2025_0368,92.575837,23.808364,0,0,h,forest,,0.61794233,0.47989506,0.13804728,0.5733829,0.47989506,0.09348786,0.58350646,0.49286342,0.09064305,0.57653594,0.5591119,0.017424047,0.6268077,0.61310685,0.013700843,0.19480252,624.0,13.0
Y2025_0369,92.363205,23.873043,0,0,h,forest,,0.57356066,0.35412115,0.2194395,0.49652633,0.35412115,0.14240518,0.51589376,0.3797846,0.13610914,0.524632,0.43384182,0.09079015,0.573402,0.56412095,0.009281039,0.37770364,492.0,13.0
Y2025_0372,92.794936,24.13068,0,0,h,forest,,0.62064826,0.5818712,0.038777053,0.5993278,0.5818712,0.017456591,0.6110983,0.60054314,0.010555148,0.6189068,0.6062493,0.012657523,0.6698734,0.6311196,0.038753808,0.13562006,472.0,32.0
Y2025_0373,92.907854,22.069585,0,0,h,forest,,0.152589,0.1637752,-0.011186212,0.051643204,0.1637752,-0.112132,0.079361066,0.18664233,-0.10728127,0.05777855,0.18664233,-0.12886378,0.166914,0.25523534,-0.08832134,0.28951165,72.0,1.0
Y2025_0374,93.21373,23.069949,0,0,h,forest,,0.5841892,0.48880512,0.09538406,0.52293485,0.48880512,0.03412974,0.5501476,0.49577183,0.054375768,0.5285702,0.53962845,-0.011058271,0.6091229,0.6310397,-0.021916807,0.23241043,794.0,29.0
Y2025_0375,93.305628,23.193378,0,0,h,forest,,0.6605813,0.54414713,0.11643416,0.5816621,0.54414713,0.037514985,0.6164013,0.5548871,0.0615142,0.61913556,0.5962169,0.022918642,0.6763776,0.66711736,0.009260237,0.18914354,1062.0,13.0
Y2025_0376,92.777958,23.920474,0,0,h,forest,,0.6915524,0.5303714,0.16118097,0.61327916,0.5303714,0.08290774,0.6409261,0.54763824,0.093287885,0.616475,0.57162094,0.044854045,0.6653744,0.6395521,0.025822282,0.16281301,720.0,15.0
Y2025_0377,93.073863,23.191222,0,0,h,forest,,0.58663756,0.47395575,0.112681806,0.536378,0.47395575,0.062422276,0.54919946,0.5230402,0.026159286,0.565148,0.5652089,-6.0915947e-05,0.61295176,0.62579906,-0.012847304,0.22413498,946.0,25.0
Y2025_0378,92.563709,22.527996,0,0,h,forest,,0.6104263,0.49176556,0.11866075,0.54152334,0.49176556,0.04975778,0.5604297,0.51145285,0.04897684,0.5438434,0.52304214,0.020801246,0.5833646,0.60403967,-0.020675063,0.24387267,144.0,13.0
Y2025_0379,92.392311,23.933949,0,0,h,forest,,0.57848835,0.51023483,0.06825352,0.5326595,0.51023483,0.022424638,0.5482725,0.5133913,0.034881175,0.5482725,0.528515,0.01975751,0.5967123,0.5762293,0.020483017,0.19289187,157.0,24.0
Y2025_0380,92.954477,24.137148,1,0,h,forest,,0.6329366,0.0050728275,0.62786376,0.6156524,0.0050728275,0.61057955,0.6219837,0.1416648,0.4803189,0.6259604,0.26614946,0.35981095,0.6727018,0.3687901,0.3039117,0.6611985,540.0,26.0
Y2025_0381,92.481783,23.107948,0,0,h,forest,,0.613619,0.51407677,0.09954226,0.5838851,0.51407677,0.069808304,0.6048132,0.5370198,0.06779343,0.5838851,0.5572684,0.026616693,0.613619,0.61085445,0.0027645826,0.20391512,169.0,28.0
Y2025_0384,92.555355,23.156996,0,0,h,forest,,0.5921498,0.43699571,0.15515408,0.42989552,0.43699571,-0.0071001947,0.48700592,0.45644158,0.030564338,0.47519866,0.46300837,0.012190282,0.55604917,0.53112906,0.024920106,0.26014128,498.0,6.0
Y2025_0385,93.257927,24.012102,0,0,h,forest,,0.6095327,0.56221706,0.047315657,0.5395797,0.56221706,-0.022637367,0.5847503,0.5690677,0.015682578,0.58618534,0.5690677,0.01711762,0.6133886,0.6118407,0.001547873,0.17427659,762.0,30.0
Y2025_0386,93.28299,23.804861,0,0,h,forest,,0.6528207,0.6173357,0.03548503,0.6213396,0.6173357,0.004003942,0.6346637,0.6432591,-0.008595407,0.6367503,0.6475106,-0.010760307,0.6818439,0.6667166,0.015127301,0.09748721,1444.0,8.0
Y2025_0387,92.94747,23.365854,0,0,h,forest,,0.5452492,0.37346673,0.1717825,0.4281678,0.37346673,0.05470106,0.50605863,0.38818833,0.1178703,0.49075148,0.50074595,-0.009994477,0.6265307,0.61873895,0.0077917576,0.30923027,784.0,18.0
Y2025_0388,92.775532,23.566897,0,0,h,forest,,0.6351878,0.5767723,0.058415532,0.5588412,0.5767723,-0.017931044,0.5807577,0.59193236,-0.011174679,0.58105844,0.60681975,-0.025761306,0.6595945,0.6816511,-0.02205664,0.16736579,321.0,13.0
Y2025_0390,93.300238,23.689787,0,0,h,forest,,0.69672424,0.6209377,0.07578653,0.6653988,0.6209377,0.04446107,0.6871097,0.6303241,0.056785583,0.67671406,0.6572531,0.019460976,0.7181692,0.7194712,-0.0013020039,0.15375096,1407.0,13.0
Y2025_0391,92.728101,23.069949,0,0,h,forest,,0.5583738,0.49687484,0.06149897,0.51470107,0.49687484,0.01782623,0.535375,0.5194817,0.01589328,0.5357231,0.53712934,-0.0014062524,0.6228588,0.6302598,-0.0074009895,0.18561584,379.0,7.0
Y2025_0393,92.661266,22.067429,1,0,h,forest,,0.45169425,0.090064,0.36163026,0.23546976,0.090064,0.14540577,0.30972084,0.20141016,0.108310685,0.2877312,0.39586693,-0.10813573,0.4566741,0.54264873,-0.08597463,0.55131644,185.0,4.0
Y2025_0394,92.861501,22.641992,0,0,h,forest,,0.6455646,0.49786612,0.14769849,0.5990251,0.49786612,0.10115895,0.6174408,0.5180478,0.09939301,0.6174408,0.5570605,0.06038034,0.6882081,0.68503284,0.0031752586,0.2712521,1053.0,30.0
Y2025_0395,92.487442,23.552884,0,0,h,forest,,0.5608315,0.39950544,0.16132605,0.5192685,0.39950544,0.11976308,0.5341087,0.4313328,0.1027759,0.5501755,0.44739184,0.10278365,0.62076616,0.5286757,0.09209049,0.21963352,568.0,16.0
Y2025_0397,92.759632,22.437715,0,0,h,forest,,0.70382506,0.5755171,0.12830794,0.6228353,0.5755171,0.04731816,0.6450633,0.59615403,0.048909247,0.63484484,0.62427694,0.0105679035,0.66531205,0.6639132,0.0013988614,0.17999804,319.0,28.0
Y2025_0400,92.674472,23.573904,0,0,h,forest,,0.56067425,0.4346208,0.12605345,0.43796661,0.4346208,0.0033458173,0.4662112,0.43868947,0.02752173,0.46462998,0.45684758,0.0077823997,0.56129235,0.55556417,0.005728185,0.22570074,521.0,27.0
Y2025_0056,92.886294,22.63768,1,0,h,forest/bareland,,0.5452932,0.13210358,0.41318965,0.42959115,0.13210358,0.29748756,0.46292645,0.17122075,0.2917057,0.47131184,0.3228159,0.14849594,0.5710512,0.49950597,0.07154521,0.5449817,844.0,39.0
Y2025_0013,92.621381,22.687267,1,1,h,jhum,,0.5463632,0.04228786,0.5040753,0.45755863,0.04228786,0.41527078,0.50861686,0.11181963,0.39679724,0.47824377,0.17800978,0.300234,0.56897527,0.5343742,0.034601092,0.67364573,108.0,20.0
Y2025_0028,93.088685,23.312225,1,1,h,jhum,,0.6047349,-0.18992445,0.7946594,0.55837107,-0.18992445,0.74829555,0.58483654,-0.10094012,0.68577665,0.58483654,0.21563381,0.36920273,0.63123035,0.32424065,0.3069897,0.6021395,1066.0,26.0
Y2025_0034,93.308592,23.790039,1,1,h,jhum,,0.66470176,-0.25634673,0.9210485,0.601645,-0.25634673,0.8579917,0.62484086,-0.14927073,0.77411157,0.6449155,-0.06497148,0.709887,0.70721716,0.08135622,0.6258609,0.37791494,1085.0,18.0
Y2025_0058,92.622729,22.778356,1,1,h,jhum,,0.45303228,-0.05190495,0.50493723,0.36586413,-0.05190495,0.41776907,0.41213998,-0.02596358,0.43810356,0.4178997,0.07334751,0.3445522,0.50837934,0.20296049,0.30541885,0.7307508,317.0,22.0
Y2025_0064,93.319911,23.206852,1,1,h,jhum,,0.5267231,-0.24434762,0.7710707,0.45383674,-0.24434762,0.6981844,0.48440808,-0.2034769,0.687885,0.4994207,0.09675072,0.40266997,0.5904409,0.14065017,0.44979078,0.4007305,1293.0,17.0
Y2025_0075,92.549696,22.584859,1,1,h,jhum,,0.3672729,-0.04748156,0.41475448,0.30396366,-0.04748156,0.35144523,0.32079378,0.057679787,0.26311398,0.30835244,0.08428244,0.22407,0.36382458,0.22175348,0.1420711,0.7550073,91.0,15.0
Y2025_0086,93.114017,23.355883,1,1,h,jhum,,0.6545888,-0.23617367,0.8907625,0.6158712,-0.23617367,0.8520449,0.6358417,-0.13520288,0.7710446,0.6358417,0.027763112,0.6080786,0.6765776,0.300084,0.37649363,0.9194865,1325.0,16.0
Y2025_0095,93.12318,23.754465,1,1,h,jhum,,0.61273146,-0.19860603,0.8113375,0.5687569,-0.19860603,0.7673629,0.59671855,-0.12966608,0.72638464,0.59671855,-0.12146815,0.7181867,0.6535512,0.23130652,0.4222447,0.9219862,893.0,20.0
Y2025_0163,92.783617,22.476522,1,1,h,jhum,,0.5770498,-0.0018714304,0.5789212,0.44507596,-0.0018714304,0.4469474,0.4843791,0.030071035,0.4543081,0.47036603,0.087813266,0.38255277,0.56288975,0.23846109,0.32442868,0.6781139,185.0,11.0
Y2025_0165,93.183008,23.083693,1,1,h,jhum,,0.5583018,-0.036313638,0.59461546,0.43574393,-0.036313638,0.47205758,0.506451,0.08198059,0.42447042,0.45563224,0.18913773,0.2664945,0.6017419,0.3612884,0.24045351,0.7757324,625.0,30.0
Y2025_0176,92.872011,22.555215,1,1,h,jhum,,0.5619577,0.11233309,0.44962463,0.5053577,0.11233309,0.3930246,0.5312822,0.15047824,0.38080394,0.54504186,0.17252925,0.3725126,0.6013972,0.3850857,0.21631151,0.5990344,740.0,31.0
Y2025_0177,92.631353,22.301351,1,1,h,jhum,,0.60071814,0.07192561,0.5287925,0.50933516,0.07192561,0.43740955,0.55205715,0.108731784,0.44332537,0.516959,0.1150254,0.4019336,0.60071814,0.17175,0.42896813,0.63102615,146.0,17.0
Y2025_0184,93.375158,23.844746,1,1,h,jhum,,0.52952135,-0.27031493,0.7998363,0.34603468,-0.27031493,0.6163496,0.43257746,-0.14074963,0.57332706,0.49524236,-0.117908984,0.6131513,0.63899744,0.107933626,0.5310638,0.69107056,916.0,20.0
Y2025_0187,92.991128,23.652597,0,1,h,jhum,,0.46471366,0.23079123,0.23392244,0.34540227,0.23079123,0.114611045,0.38401014,0.24903657,0.13497357,0.46471366,0.24894674,0.21576692,0.57600176,0.36192426,0.2140775,0.2836154,1191.0,17.0
Y2025_0217,92.601169,22.20595,1,1,h,jhum,,0.5926149,-0.044388942,0.63700384,0.49648425,-0.044388942,0.54087317,0.5250211,0.051120102,0.47390097,0.51955163,0.12099694,0.39855468,0.5975641,0.16512522,0.43243888,0.76440203,192.0,19.0
Y2025_0226,92.634856,22.192205,1,1,h,jhum,,0.59772044,0.007809445,0.589911,0.47145882,0.007809445,0.4636494,0.503058,0.116701104,0.38635692,0.51078236,0.12983593,0.38094643,0.58976996,0.57377976,0.015990198,0.707205,159.0,11.0
Y2025_0241,92.439203,24.126099,1,1,h,jhum,,0.61929476,-0.046617873,0.6659126,0.59001535,-0.046617873,0.6366332,0.6062233,-0.010768492,0.61699176,0.59603876,0.13504887,0.4609899,0.6186596,0.20525983,0.4133998,0.7170917,142.0,2.0
Y2025_0246,93.092997,22.943826,1,1,h,jhum,,0.6528557,-0.27108848,0.9239442,0.64360315,-0.27108848,0.9146916,0.6471245,-0.24745733,0.89458185,0.64360315,-0.2425604,0.88616353,0.6471245,0.18183553,0.465289,0.98300755,998.0,28.0
Y2025_0247,92.855572,23.051085,1,1,h,jhum,,0.551179,-0.10909704,0.66027606,0.53240275,-0.10909704,0.6414998,0.5396196,-0.03584317,0.5754628,0.5396196,0.114529386,0.42509025,0.58028346,0.3884906,0.19179288,0.7347434,801.0,15.0
Y2025_0255,92.597935,23.420831,1,1,h,jhum,,0.63417804,0.022508107,0.61166996,0.5961106,0.022508107,0.5736025,0.60815626,0.042861763,0.5652945,0.61142504,0.10828488,0.50314015,0.66213995,0.39373273,0.26840723,0.6650946,586.0,12.0
Y2025_0261,92.299605,23.724821,1,1,h,jhum,,0.6083528,0.059094783,0.549258,0.4797107,0.059094783,0.4206159,0.52097017,0.19247817,0.328492,0.5203613,0.19703282,0.3233285,0.6214188,0.27995685,0.34146193,0.5913179,162.0,12.0
Y2025_0264,92.967143,23.627534,1,1,h,jhum,,0.36093074,0.020108683,0.34082207,0.22657278,0.020108683,0.2064641,0.26705876,0.03867232,0.22838643,0.36090475,0.11804396,0.2428608,0.6603491,0.30278358,0.3575655,0.6669056,1073.0,34.0
Y2025_0281,92.632431,22.916068,1,1,h,jhum,,0.5707408,0.052066356,0.5186745,0.535329,0.052066356,0.48326263,0.55236787,0.08668318,0.46568468,0.5587073,0.10586638,0.45284092,0.62853616,0.26721504,0.36132112,0.63886607,112.0,16.0
Y2025_0291,92.43004,23.063212,1,1,h,jhum,,0.59159464,-0.019460244,0.6110549,0.56167454,-0.019460244,0.5811348,0.5726585,0.08756276,0.4850957,0.57105815,0.23437539,0.33668277,0.6352576,0.31323302,0.32202458,0.7084533,288.0,10.0
Y2025_0298,92.774993,23.031411,1,1,h,jhum,,0.5112548,-0.0008829107,0.5121377,0.38718104,-0.0008829107,0.38806397,0.41262624,0.01442175,0.39820448,0.47447023,0.21570045,0.25876978,0.5636045,0.27053848,0.293066,0.6733181,1147.0,34.0
Y2025_0316,92.62192,22.223197,1,1,h,jhum,,0.45068678,-0.061324947,0.5120117,0.30848545,-0.061324947,0.3698104,0.33938882,-0.043627664,0.38301647,0.33938882,0.11097782,0.22841099,0.45091566,0.28477645,0.16613922,0.7486112,154.0,16.0
Y2025_0334,93.005681,23.604896,1,1,h,jhum,,0.57294875,-0.101079024,0.6740278,0.5222862,-0.101079024,0.6233652,0.5381287,0.027263355,0.51086533,0.55232596,0.14559913,0.40672684,0.6466772,0.16862531,0.4780519,0.32085127,1018.0,26.0
Y2025_0353,93.123989,22.467898,1,1,h,jhum,,0.5887628,0.03202468,0.55673814,0.56001145,0.03202468,0.52798676,0.57473695,0.08434709,0.49038985,0.56261283,0.12835318,0.43425965,0.5959973,0.21687965,0.3791176,0.4162854,724.0,27.0
Y2025_0361,93.105124,22.489458,1,1,h,jhum,,0.59652185,-0.064669274,0.6611911,0.560927,-0.064669274,0.6255962,0.5929534,-0.042427726,0.6353811,0.5945608,-0.030318025,0.6248788,0.6177832,0.32249302,0.29529017,0.72179747,820.0,27.0
Y2025_0371,92.892493,23.440235,1,1,h,jhum,,0.53146935,0.017115202,0.51435417,0.47624528,0.017115202,0.45913008,0.49900267,0.048309963,0.4506927,0.50896657,0.06421389,0.4447527,0.58766216,0.32356268,0.26409948,0.39253062,727.0,37.0
Y2025_0280,92.855033,23.638852,0,0,h,landslide,,0.40055206,0.36319745,0.03735462,0.26520923,0.36319745,-0.09798822,0.3302781,0.39961523,-0.06933713,0.31294352,0.37131268,-0.05836916,0.38504505,0.43321478,-0.048169732,0.17002258,1000.0,33.0
Y2025_0399,92.745888,23.462872,0,0,h,landslide,,0.64873815,0.5653164,0.08342177,0.61975163,0.5653164,0.054435253,0.6379952,0.59411806,0.043877125,0.6379952,0.6061791,0.031816065,0.6528452,0.65660423,-0.0037590265,0.114366055,1438.0,15.0
Y2025_0065,92.889528,23.255092,0,0,h,riverbed,,0.25820875,0.19285478,0.065353975,0.115013495,0.19285478,-0.07784128,0.1912864,0.21786948,-0.026583076,0.13452108,0.21654458,-0.0820235,0.1746531,0.242734,-0.0680809,0.12868524,831.0,21.0
Y2025_0119,93.244453,23.506261,0,0,h,settlement,,0.17160739,0.058362074,0.113245316,0.14650317,0.058362074,0.08814109,0.16031,0.063996084,0.096313916,0.15997061,0.08154498,0.07842563,0.19064753,0.15353398,0.037113547,0.20430198,1464.0,26.0
Y2025_0122,93.003255,23.487396,0,0,h,terrace farming,,0.11161318,-0.004662651,0.116275825,0.07306624,-0.004662651,0.07772889,0.07730803,0.03431843,0.0429896,0.07730803,0.06485834,0.012449689,0.12613946,0.09650179,0.029637672,0.22815354,625.0,7.0
Y2025_0020,92.670429,22.93116,0,0,h,unmetalled road,,0.35615563,0.23633182,0.11982381,0.20563345,0.23633182,-0.030698374,0.26810542,0.2650532,0.0030522048,0.27979428,0.34019253,-0.06039825,0.58708376,0.44656444,0.14051932,0.37764585,338.0,25.0
Y2025_0225,92.639976,22.1949,0,0,h,water,,0.44555658,0.4150974,0.030459195,0.40139082,0.4150974,-0.013706565,0.41628712,0.42769107,-0.011403948,0.41397977,0.42868754,-0.014707774,0.46918672,0.52112776,-0.051941037,0.21695074,114.0,2.0
Y2025_0358,92.378297,24.239825,0,0,h,water,,0.6408403,0.49070555,0.15013474,0.5568395,0.49070555,0.066133976,0.5827653,0.5517251,0.031040192,0.55453837,0.5214161,0.03312224,0.6152099,0.5821482,0.033061683,0.16937104,68.0,3.0
Y2025_0027,92.644827,22.090336,0,0,h,wrc,,0.37190932,0.19008091,0.18182841,0.27163267,0.19008091,0.08155176,0.3290865,0.24287061,0.0862159,0.29746076,0.30725512,-0.009794354,0.38168097,0.38916487,-0.0074838996,0.36749217,137.0,3.0
Y2025_0031,92.788468,24.401252,1,0,h,wrc,,0.5179168,0.12160538,0.3963114,0.21313013,0.12160538,0.09152475,0.37793845,0.26348782,0.11445063,0.20182437,0.10526164,0.09656273,0.33474573,0.22080426,0.113941476,0.64118695,43.0,2.0
Y2025_0096,92.937498,22.644148,1,0,h,wrc,,0.45714718,0.07224469,0.38490248,0.27090928,0.07224469,0.19866459,0.32522473,0.15716977,0.16805495,0.31183136,0.19796501,0.113866344,0.4738509,0.3094046,0.1644463,0.5705117,183.0,4.0
Y2025_0116,92.386651,23.092587,1,0,h,wrc,,0.58301,0.06520586,0.51780415,0.40303352,0.06520586,0.33782768,0.4579565,0.16621487,0.2917416,0.4387042,0.20323966,0.23546453,0.4942168,0.48057353,0.013643265,0.6111359,56.0,5.0
Y2025_0118,92.540263,22.595639,0,0,h,wrc,,0.22772354,0.0013014574,0.22642209,0.1341823,0.0013014574,0.13288085,0.175818,0.100371465,0.07544653,0.16644529,0.14359023,0.022855058,0.22772354,0.51526606,-0.28754252,0.6871345,84.0,15.0
Y2025_0267,93.047991,23.127891,1,0,h,wrc,,0.3749823,0.045561112,0.3294212,0.06398079,0.045561112,0.018419676,0.074120134,0.056250695,0.017869439,0.08180911,0.06826811,0.013540998,0.20622642,0.10054874,0.10567769,0.29554653,1270.0,10.0
Y2025_0315,92.380992,24.251413,1,0,h,wrc,,0.5637854,0.05728807,0.5064973,0.1402052,0.05728807,0.08291714,0.4016033,0.06500645,0.33659685,0.15433022,0.061955046,0.092375174,0.55052537,0.08102388,0.4695015,0.50587195,65.0,4.0
Y2025_0153,93.383512,23.48524,1,1,h,jhum,2024_11_cleared,0.6663488,-0.06762818,0.733977,0.6103864,-0.06762818,0.6780146,0.6428328,0.18676853,0.45606428,0.65024465,0.18595026,0.46429437,0.6821251,0.20640948,0.4757156,0.52366066,947.0,20.0
Y2025_0175,92.897344,24.019918,1,1,h,jhum,2024_11_cleared,0.639333,-0.041615896,0.6809489,0.58455366,-0.041615896,0.62616956,0.604992,-0.024174511,0.6291665,0.6372771,0.2922342,0.3450429,0.6782148,0.4611024,0.21711239,0.7236494,881.0,31.0
Y2025_0321,92.660997,22.782937,1,1,h,jhum,2024_11_cleared,0.55968803,0.018811682,0.5408763,0.5234851,0.018811682,0.5046734,0.5459008,0.07154618,0.47435462,0.54569685,0.16651294,0.37918392,0.58527434,0.2190668,0.36620754,0.6376152,99.0,19.0
Y2025_0348,92.511697,23.989195,1,0,m,jhum,2024_11_cleared,0.59644854,0.14062607,0.45582247,0.5730621,0.14062607,0.43243605,0.57681584,0.15303855,0.42377728,0.57772624,0.43794498,0.13978127,0.60255194,0.5677046,0.03484732,0.5561406,404.0,19.0
Y2025_0067,92.772029,24.110198,0,0,h,bareland,burned area,0.5803854,0.4174932,0.1628922,0.56160843,0.4174932,0.14411524,0.5677862,0.48682937,0.08095685,0.56992733,0.517047,0.052880347,0.60998535,0.56129086,0.04869449,0.22695485,764.0,41.0
Y2025_0076,92.786851,22.88831,0,0,h,bareland,burned area,0.56971663,0.3880458,0.18167084,0.5031479,0.3880458,0.11510211,0.53003585,0.43278402,0.09725183,0.5443943,0.48438448,0.060009837,0.6069764,0.56326276,0.04371363,0.27527264,747.0,27.0
Y2025_0127,93.378122,23.734792,1,0,h,baresoil,burned area,0.5302858,0.10213408,0.4281517,0.45954707,0.10213408,0.357413,0.4783182,0.39542112,0.0828971,0.5082724,0.42888921,0.079383194,0.5721461,0.5532599,0.018886209,0.5595963,1367.0,9.0
Y2025_0003,92.300413,23.784379,1,1,h,Jhum,cleared 2025_01,0.57512033,-0.032704268,0.6078246,0.50196767,-0.032704268,0.53467196,0.5118025,0.032333847,0.47946864,0.53653693,0.22560835,0.31092858,0.5852581,0.5625995,0.022658646,0.760621,263.0,12.0
Y2025_0002,92.651295,22.678104,1,1,h,jhum,cleared 2025_01,0.52693456,0.0038834615,0.5230511,0.45007983,0.0038834615,0.44619638,0.4856927,0.015211336,0.47048137,0.48939773,0.19411433,0.2952834,0.5558162,0.5838022,-0.02798605,0.6705353,470.0,15.0
Y2025_0011,92.521668,22.901515,1,1,h,jhum,cleared 2025_01,0.60527676,0.041023657,0.5642531,0.5003858,0.041023657,0.45936215,0.53737587,0.11492256,0.4224533,0.5301835,0.17039351,0.35978997,0.63324165,0.51338685,0.11985481,0.6471057,86.0,17.0
Y2025_0324,92.857728,22.516138,1,0,h,bareland,dry-season leaf-off around,0.5757828,0.110644445,0.46513832,0.15677278,0.110644445,0.046128333,0.3480748,0.13368824,0.21438655,0.29048914,0.21610175,0.07438739,0.48138574,0.29758996,0.18379578,0.45381194,614.0,19.0
Y2025_0101,93.276792,23.03222,0,0,h,forest,dry-season leaf-off around,0.3075345,0.10245703,0.20507745,0.19967492,0.10245703,0.09721789,0.2444511,0.16958304,0.07486807,0.2613032,0.23975141,0.021551773,0.48956877,0.32316235,0.16640642,0.47370464,1258.0,37.0
Y2025_0112,92.532718,23.225178,0,0,h,forest,dry-season leaf-off around,0.5838356,0.44846326,0.13537234,0.5476999,0.44846326,0.09923667,0.5567,0.49861437,0.05808562,0.5702678,0.57367665,-0.0034088492,0.64105374,0.65592045,-0.01486671,0.23992664,1117.0,21.0
Y2025_0219,92.79817,23.259943,0,0,m,forest,dry-season leaf-off around,0.37624258,0.41337967,-0.03713709,0.25348794,0.41337967,-0.15989172,0.27656555,0.41846552,-0.14189997,0.30848843,0.45075944,-0.14227101,0.479567,0.49132448,-0.011757493,0.23265746,859.0,26.0
Y2025_0223,92.564248,22.604532,1,0,h,forest,dry-season leaf-off around,0.52912056,0.12344839,0.4056722,0.3961219,0.12344839,0.2726735,0.46879008,0.33278766,0.13600242,0.43202886,0.37347353,0.058555335,0.51292646,0.51933753,-0.0064110756,0.54159325,213.0,8.0
Y2025_0250,92.394197,23.133819,0,0,h,forest,dry-season leaf-off around,0.510184,0.39822593,0.11195806,0.46597916,0.39822593,0.067753226,0.49080834,0.42340153,0.0674068,0.49080834,0.47703752,0.013770819,0.5537016,0.5907598,-0.037058234,0.2295982,175.0,20.0
Y2025_0272,92.863387,23.99189,0,0,h,forest,dry-season leaf-off around,0.5816155,0.5645989,0.01701659,0.5509026,0.5645989,-0.013696313,0.5623025,0.56911176,-0.006809294,0.5623025,0.58208144,-0.019778967,0.605627,0.60944134,-0.0038143396,0.11165595,306.0,16.0
Y2025_0290,92.769334,23.669844,0,0,h,forest,dry-season leaf-off around,0.4952927,0.23106171,0.26423097,0.36842972,0.23106171,0.13736801,0.42358315,0.30706796,0.11651519,0.4458411,0.34591195,0.099929154,0.53873974,0.504679,0.034060717,0.4083957,702.0,36.0
Y2025_0318,92.622729,23.031681,0,0,h,forest,dry-season leaf-off around,0.5604614,0.20311928,0.35734212,0.30366236,0.20311928,0.10054308,0.39447117,0.30462903,0.08984214,0.42613077,0.34473693,0.08139384,0.56971675,0.4460843,0.12363246,0.4139268,499.0,31.0
Y2025_0333,92.514661,23.110643,0,0,h,forest,dry-season leaf-off around,0.5964306,0.4114113,0.18501931,0.55810785,0.4114113,0.14669657,0.5823552,0.4830445,0.099310696,0.58746547,0.5735981,0.013867378,0.599632,0.64343846,-0.043806434,0.24157083,528.0,36.0
Y2025_0340,92.967412,22.094109,0,0,h,forest,dry-season leaf-off around,0.60061824,0.49802074,0.102597505,0.40700668,0.49802074,-0.09101406,0.41254437,0.4990747,-0.08653033,0.50551164,0.51148903,-0.005977392,0.63516396,0.57844377,0.056720197,0.1558997,455.0,31.0
Y2025_0342,92.983851,22.250686,0,0,h,forest,dry-season leaf-off around,0.5632276,0.47868195,0.08454564,0.5075714,0.47868195,0.028889447,0.5149351,0.4981505,0.016784579,0.5318122,0.5468175,-0.0150052905,0.61188334,0.5970649,0.01481843,0.18635994,607.0,39.0
Y2025_0355,93.085451,22.441488,0,0,h,forest,dry-season leaf-off around,0.68017,0.553659,0.12651098,0.6037496,0.553659,0.05009055,0.6617922,0.593769,0.068023205,0.658164,0.5941176,0.06404644,0.710627,0.67077357,0.039853454,0.19672477,1513.0,31.0
Y2025_0365,93.112939,23.413824,1,0,h,forest,dry-season leaf-off around,0.5855824,0.052764356,0.532818,0.5061651,0.052764356,0.45340073,0.5467382,0.06129306,0.48544514,0.5665646,0.34276024,0.22380438,0.6394056,0.6421913,-0.0027856827,0.71439546,1008.0,27.0
Y2025_0389,92.9631,23.307374,1,0,h,forest,dry-season leaf-off around,0.42855546,0.01994357,0.4086119,0.17263736,0.01994357,0.1526938,0.22065738,0.08157833,0.13907905,0.21962263,0.17470339,0.044919237,0.34881917,0.27897695,0.06984222,0.40112424,1386.0,23.0
Y2025_0392,93.012957,23.051893,1,0,h,forest,dry-season leaf-off around,0.2888,-0.017324166,0.30612418,0.10492709,-0.017324166,0.12225126,0.1374944,0.038487144,0.09900726,0.14287303,0.17256276,-0.02968973,0.3221402,0.20586567,0.11627452,0.48247334,1355.0,39.0
Y2025_0396,92.633509,22.643339,0,0,h,forest,dry-season leaf-off around,0.48342395,0.20025972,0.28316423,0.3128446,0.20025972,0.11258489,0.34080157,0.22335061,0.11745095,0.32925737,0.2738261,0.055431277,0.4460573,0.4192949,0.026762396,0.41515952,86.0,5.0
Y2025_0398,92.38207,23.231915,1,0,h,forest,dry-season leaf-off around,0.43648848,0.06337124,0.37311724,0.24488308,0.06337124,0.18151183,0.3753518,0.1548347,0.22051708,0.33541822,0.31599194,0.019426286,0.44718647,0.61283773,-0.16565126,0.58432937,101.0,4.0
Y2025_0048,92.839941,23.10148,0,0,h,fallow,last year cleared,0.55439436,0.46005914,0.09433523,0.4287263,0.46005914,-0.03133285,0.48539916,0.46600145,0.019397706,0.4999878,0.47353202,0.02645579,0.53583235,0.5300921,0.0057402253,0.23206127,851.0,17.0
Y2025_0049,92.388807,23.724282,0,0,h,fallow,last year cleared,0.411135,0.40695193,0.004183054,0.3128557,0.40695193,-0.09409624,0.39342016,0.48019147,-0.08677131,0.39330232,0.498051,-0.10474867,0.41292775,0.5971645,-0.18423676,0.2617402,272.0,9.0
Y2025_0104,92.67016,22.482182,1,0,h,forest,neaby is jhum,0.5271806,0.08191593,0.4452647,0.47666577,0.08191593,0.39474982,0.5024562,0.12501964,0.37743655,0.5147112,0.23144883,0.28326237,0.60835534,0.6018996,0.0064557195,0.6393322,644.0,24.0
Y2025_0229,92.865543,23.386336,0,0,h,forest,neaby is jhum,0.4907964,0.35328647,0.13750991,0.37040335,0.35328647,0.017116874,0.39672872,0.38750675,0.009221971,0.39672872,0.45459712,-0.05786839,0.52158475,0.567455,-0.045870245,0.32011497,718.0,20.0
Y2025_0015,92.78739,23.147833,0,0,h,forest,nearby bareland,0.5916759,0.44205162,0.14962426,0.49931458,0.44205162,0.057262957,0.5285412,0.48519602,0.043345183,0.5579999,0.5179091,0.0400908,0.63444316,0.5785397,0.055903435,0.24801096,832.0,35.0
Y2025_0016,92.971994,22.629056,0,0,h,forest,nearby bareland,0.6083665,0.34437713,0.26398936,0.47809345,0.34437713,0.13371632,0.5310611,0.38977978,0.14128134,0.51361215,0.3952236,0.11838856,0.6020032,0.49872062,0.1032826,0.42560443,562.0,45.0
Y2025_0054,93.162796,23.287431,0,0,h,forest,nearby is jhum,0.516989,0.46153122,0.05545777,0.46941796,0.46153122,0.007886738,0.5091807,0.46587032,0.043310404,0.46941796,0.46587032,0.0035476387,0.51567143,0.50963134,0.0060400963,0.118083715,878.0,21.0
Y2025_0097,93.050147,22.442835,0,0,h,forest,nearby is jhum,0.551949,0.30956116,0.24238786,0.33714208,0.30956116,0.027580917,0.40221265,0.33653417,0.06567848,0.4330911,0.35371095,0.079380155,0.549896,0.6709122,-0.121016204,0.45125332,1403.0,18.0
Y2025_0040,92.596318,22.207836,1,0,h,bareland,nearby jhum,0.39740038,0.018688256,0.37871212,0.29845434,0.018688256,0.27976608,0.37720776,0.27544418,0.101763576,0.37720776,0.30405542,0.07315233,0.47563452,0.41522968,0.060404837,0.6238579,217.0,12.0
Y2025_0301,93.084373,22.857857,0,0,h,forest,nearby jhum,0.5767657,0.42739803,0.14936769,0.50206095,0.42739803,0.074662924,0.5366118,0.4519796,0.08463219,0.51547486,0.4622207,0.053254157,0.54945034,0.56489277,-0.015442431,0.2420839,582.0,22.0
Y2025_0306,92.651295,22.113782,1,0,h,fallow,old fallow,0.46886036,-0.014080636,0.482941,0.13077024,-0.014080636,0.14485088,0.34020123,0.13322234,0.20697889,0.42460114,0.26934192,0.15525922,0.55549073,0.41635236,0.13913837,0.6742973,176.0,10.0
Y2025_0307,93.300508,23.344564,0,0,h,fallow,old fallow,0.28980675,0.4558284,-0.16602165,0.11975669,0.4558284,-0.3360717,0.15868048,0.4730643,-0.3143838,0.17008245,0.5240928,-0.35401034,0.45332253,0.58224547,-0.12892294,0.20089969,1173.0,13.0
Y2025_0317,92.955285,22.710713,0,0,h,fallow,old fallow,0.61699736,0.332109,0.28488836,0.44401386,0.332109,0.11190486,0.50345975,0.4079252,0.09553456,0.48242646,0.4294171,0.05300936,0.57721484,0.47094643,0.106268406,0.35520336,703.0,25.0
Y2025_0356,92.554547,22.546591,0,0,h,fallow,old fallow,0.06803639,0.12844904,-0.060412645,-0.027147539,0.12844904,-0.15559658,0.035864256,0.16097395,-0.1251097,0.021360613,0.17505862,-0.153698,0.06446571,0.2820968,-0.2176311,0.34799153,79.0,4.0
Y2025_0383,93.131535,23.754465,0,0,h,fallow,old fallow,0.6601775,0.5861173,0.0740602,0.6073422,0.5861173,0.021224856,0.6483557,0.60689676,0.041458964,0.6507698,0.60810757,0.042662263,0.68163174,0.69619703,-0.014565289,0.16609138,891.0,14.0
Y2025_0134,92.652912,23.330281,0,0,h,fallow,one year fallow,0.34395784,0.30274165,0.041216195,0.0425647,0.30274165,-0.26017696,0.2890739,0.3469318,-0.05785787,0.30284443,0.36387584,-0.0610314,0.37890396,0.42999488,-0.051090926,0.34267622,820.0,23.0
Y2025_0161,93.289997,23.401967,0,0,h,fallow,one year fallow,0.42909354,0.32766852,0.10142502,0.290531,0.32766852,-0.03713751,0.31463632,0.32955533,-0.014919013,0.38586268,0.3510208,0.034841865,0.4942023,0.4127249,0.081477374,0.31770733,1300.0,15.0
Y2025_0171,93.088954,22.601029,0,0,h,fallow,one year fallow,0.51004547,0.37755662,0.13248885,0.3907271,0.37755662,0.013170481,0.39272586,0.40799692,-0.015271068,0.39272586,0.43901172,-0.046285868,0.5104418,0.59141374,-0.080971956,0.3221061,1221.0,32.0
Y2025_0202,92.697379,24.276746,0,0,h,fallow,one year fallow,0.54528487,0.38022417,0.1650607,0.41019773,0.38022417,0.029973567,0.48409194,0.39422938,0.089862555,0.47513685,0.39521715,0.079919696,0.5292116,0.42431208,0.104899496,0.092583865,501.0,31.0
Y2025_0199,93.081948,23.340252,0,0,h,fallow,young fallow,0.4079214,0.2028289,0.2050925,0.16213076,0.2028289,-0.04069814,0.2545908,0.21304747,0.041543335,0.21279629,0.24389085,-0.031094566,0.286165,0.30598912,-0.019824117,0.26591456,1020.0,9.0
Y2025_0370,92.619225,22.208106,1,0,h,fallow,young fallow,0.519512,0.10236519,0.4171468,0.24904537,0.10236519,0.14668018,0.431835,0.30346665,0.12836835,0.37574512,0.33368886,0.042056262,0.49948716,0.48166737,0.017819792,0.6027036,183.0,12.0
Y2025_0283,93.025623,22.683763,1,0,h,bareland,cloud cover during march,0.5824353,0.13949627,0.44293904,0.42377064,0.13949627,0.28427437,0.446746,0.1872604,0.2594856,0.45493415,0.22217041,0.23276374,0.58305556,0.3856569,0.19739866,0.53448915,979.0,42.0
Y2025_0160,92.772298,24.04013,1,0,h,bareland/forest,baresoil,0.5851235,0.024677448,0.560446,0.5463723,0.024677448,0.52169484,0.5805891,0.092159525,0.4884296,0.5824873,0.11285781,0.46962947,0.64857036,0.28793296,0.3606374,0.4100933,855.0,31.0
Y2025_0344,93.373271,23.84286,1,0,h,baresoil,point lies nearby forest fire and nearby jhum,0.5285762,-0.009928574,0.5385048,0.2369668,-0.009928574,0.24689537,0.2863973,0.07758818,0.20880914,0.42738914,0.15174249,0.27564666,0.5354459,0.38350874,0.15193719,0.65315324,802.0,19.0
Y2025_0203,93.156598,22.419928,0,0,m,forest,dry-season leaf-off around; jhum patches nearby; Aug cloudy,0.40946865,0.18117443,0.22829422,0.21742637,0.18117443,0.036251947,0.3359223,0.19244516,0.14347714,0.2825845,0.22307445,0.059510037,0.40946865,0.28860053,0.12086812,0.4054619,1280.0,42.0
Y2025_0147,93.312904,24.051987,1,1,h,jhum,near riverbank,0.62914246,0.13545732,0.49368513,0.59554553,0.13545732,0.4600882,0.62107813,0.27309707,0.34798107,0.6237971,0.27141127,0.35238585,0.67626745,0.43603322,0.24023423,0.49241132,456.0,24.0
Y2025_0331,92.433005,23.71997,1,1,h,jhum,2025_01_cleared,0.63426846,0.049243916,0.58502454,0.5322584,0.049243916,0.48301446,0.5792523,0.20127872,0.3779736,0.57160175,0.2647405,0.30686125,0.5997311,0.5436198,0.056111276,0.5555056,234.0,2.0
Y2025_0004,93.088146,22.723649,1,0,m,bareland,,0.60464686,0.089012,0.5156349,0.27142313,0.089012,0.18241113,0.36104864,0.100438416,0.26061022,0.30462417,0.119093366,0.18553081,0.45897964,0.309557,0.14942265,0.59321713,705.0,31.0
Y2025_0032,92.60602,23.450206,0,0,m,fallow,,0.5480261,0.41578668,0.1322394,0.50094146,0.41578668,0.08515477,0.5294533,0.4434384,0.08601487,0.5294533,0.49685252,0.03260076,0.599679,0.53775585,0.061923146,0.26362267,748.0,20.0
Y2025_0212,92.596318,24.072469,0,0,m,forest,,0.63137627,0.43247545,0.19890082,0.3370611,0.43247545,-0.09541434,0.54930377,0.5080553,0.04124844,0.33075643,0.43665963,-0.10590321,0.36239767,0.5242454,-0.16184771,0.2716683,51.0,6.0
Y2025_0233,92.669351,22.343122,1,0,m,forest,,0.41956347,0.036354646,0.3832088,0.24366193,0.036354646,0.20730728,0.3396102,0.04629295,0.29331723,0.32022232,0.16438928,0.15583304,0.4883159,0.5310874,-0.04277149,0.6175335,177.0,6.0
Y2025_0262,92.612218,22.461969,1,0,m,forest,,0.42137557,0.029743852,0.39163172,0.17861292,0.029743852,0.14886907,0.3519662,0.12760766,0.22435854,0.33275336,0.31544077,0.017312586,0.4821816,0.48998436,-0.0078027546,0.69602555,276.0,20.0
Y2025_0109,92.629736,22.546591,1,1,m,jhum,,0.5903939,-0.0075506554,0.59794456,0.448368,-0.0075506554,0.45591867,0.5239231,0.13636817,0.38755494,0.45855546,0.18459474,0.2739607,0.58592486,0.3436823,0.24224257,0.71567225,110.0,13.0
Y2025_0235,93.157137,22.307819,1,1,m,jhum,,0.5981484,0.16017073,0.43797767,0.45597893,0.16017073,0.2958082,0.5203268,0.17355527,0.34677154,0.5259755,0.18624955,0.33972597,0.6281332,0.55774814,0.07038504,0.5539214,1345.0,29.0
Y2025_0253,92.417643,23.397116,1,1,m,jhum,,0.6208852,0.051903732,0.56898147,0.5372695,0.051903732,0.48536575,0.5628393,0.10406294,0.45877638,0.6208852,0.13352564,0.48735955,0.66309613,0.43592066,0.22717547,0.62512183,538.0,17.0
Y2025_0258,92.841828,22.627978,1,1,m,jhum,,0.586552,0.047781166,0.53877085,0.54182243,0.047781166,0.49404126,0.57838285,0.088471696,0.48991114,0.58571094,0.13553509,0.45017585,0.6310304,0.5001751,0.13085526,0.6198318,472.0,25.0
Y2025_0263,92.752086,22.802341,1,1,m,jhum,,0.5464222,0.07237586,0.47404632,0.45472383,0.07237586,0.38234797,0.48216647,0.10234053,0.37982595,0.49739653,0.16961408,0.32778245,0.578519,0.37170795,0.20681104,0.4803111,406.0,24.0
Y2025_0302,92.805446,23.836931,0,1,m,jhum,,0.4523565,0.34284154,0.10951495,0.3701695,0.34284154,0.027327955,0.4086656,0.40017715,0.0084884465,0.41183195,0.4298863,-0.018054366,0.5471531,0.5439701,0.0031830072,0.3513356,244.0,12.0
Y2025_0345,93.015921,23.025483,1,1,m,jhum,,0.58552444,-0.13199055,0.717515,0.550357,-0.13199055,0.68234754,0.56739515,-0.11493816,0.6823333,0.57026863,0.050455652,0.519813,0.6339399,0.36415812,0.2697818,0.8117085,1020.0,30.0
Y2025_0205,92.795205,22.910947,0,0,m,forest,dry-season leaf-off around,0.5387952,0.3321136,0.20668158,0.49032107,0.3321136,0.15820748,0.5058583,0.35768864,0.14816967,0.5177168,0.44661114,0.07110569,0.5988961,0.5909579,0.007938206,0.30963162,976.0,51.0
Y2025_0207,92.976036,23.48524,0,0,m,forest,dry-season leaf-off around,0.549976,0.1851834,0.3647926,0.36744747,0.1851834,0.18226406,0.41906172,0.19070975,0.22835197,0.5000011,0.27458006,0.22542101,0.54917675,0.43100053,0.11817622,0.34558415,1116.0,32.0
Y2025_0213,92.865813,22.751137,0,0,m,forest,dry-season leaf-off around,0.59268534,0.44128326,0.15140209,0.49628386,0.44128326,0.055000603,0.52032745,0.4598673,0.06046015,0.5267873,0.48246104,0.044326246,0.63343203,0.58296186,0.050470173,0.284139,343.0,29.0
Y2025_0215,92.679053,23.574713,0,0,m,forest,dry-season leaf-off around,0.5532298,0.41640782,0.13682199,0.49731165,0.41640782,0.08090383,0.5156012,0.44122133,0.07437989,0.5096417,0.4607098,0.048931897,0.57203585,0.56978303,0.0022528172,0.27991757,464.0,20.0
Y2025_0216,92.954477,22.993143,1,0,m,forest,dry-season leaf-off around,0.49831522,0.10763347,0.39068174,0.26593146,0.10763347,0.15829799,0.31033942,0.15120417,0.15913525,0.3306339,0.15416428,0.17646962,0.49312815,0.27159685,0.2215313,0.27844435,267.0,10.0
Y2025_0228,92.469386,23.256978,0,0,m,forest,dry-season leaf-off around,0.4758035,0.39654592,0.07925758,0.4617661,0.39654592,0.06522018,0.46625745,0.41413173,0.052125722,0.4758035,0.5094522,-0.03364873,0.626373,0.5581568,0.068216205,0.32114524,491.0,38.0
Y2025_0254,92.620573,22.194092,1,0,m,forest,dry-season leaf-off around,0.5144514,0.070159875,0.4442915,0.36178538,0.070159875,0.2916255,0.39105532,0.19639738,0.19465794,0.39040872,0.20128872,0.18912001,0.52773947,0.3034847,0.22425476,0.54881424,219.0,14.0
Y2025_0286,92.50469,23.137323,0,0,m,forest,dry-season leaf-off around,0.54035777,0.30522648,0.2351313,0.34022295,0.30522648,0.03499648,0.37690708,0.34421647,0.032690614,0.44536173,0.39474007,0.05062166,0.54035777,0.4908478,0.049509972,0.36747202,688.0,35.0
Y2025_0304,92.563979,23.529437,0,0,m,forest,dry-season leaf-off around,0.5639807,0.4244122,0.13956851,0.5156777,0.4244122,0.0912655,0.53510106,0.4505118,0.08458924,0.5504775,0.50340396,0.047073543,0.61770815,0.6039307,0.013777435,0.2476156,588.0,23.0
Y2025_0311,92.930761,22.39783,1,0,m,forest,dry-season leaf-off around,0.59447414,0.014060918,0.5804132,0.1466059,0.014060918,0.13254498,0.29756892,0.024962533,0.27260637,0.2852615,0.16162515,0.123636365,0.43191233,0.22758284,0.20432949,0.5087514,205.0,43.0
Y2025_0335,93.298352,23.264524,0,0,m,forest,dry-season leaf-off around,0.52644205,0.18839656,0.33804548,0.42950124,0.18839656,0.24110468,0.46273383,0.30256814,0.1601657,0.5193815,0.4912603,0.028121233,0.5919935,0.6048131,-0.012819588,0.45064658,1459.0,14.0
Y2025_0234,93.064161,22.447147,1,0,m,fallow,one year fallow,0.5630927,0.04511564,0.51797706,0.516381,0.04511564,0.47126538,0.5267781,0.21505097,0.31172714,0.53240305,0.43921235,0.0931907,0.61049664,0.57348937,0.037007272,0.6618972,1609.0,28.0
